Workbook

Sheet Tuan19-Học
A1: Tuần 19 | D1: Thứ 2 | I1: Thứ 3 | N1: Thứ 4 | S1: Thứ 5 | X1: Thứ 6 | AB1: Thứ 7 | AF1: Chủ nhật
A2: TT | B2: Phòng | C2: Số sv | D2: Kíp 1 | E2: Kíp 2 | F2: Kíp 3 | G2: Kíp 4 | H2: Kíp 5 | I2: Kíp 1 | J2: Kíp 2 | K2: Kíp 3 | L2: Kíp 4 | M2: Kíp 5 | N2: Kíp 1 | O2: Kíp 2 | P2: Kíp 3 | Q2: Kíp 4 | R2: Kíp 5 | S2: Kíp 1 | T2: Kíp 2 | U2: Kíp 3 | V2: Kíp 4 | W2: Kíp 4 | X2: Kíp 1 | Y2: Kíp 2 | Z2: Kíp 3 | AA2: Kíp 4 | AB2: Kíp 1 | AC2: Kíp 2 | AD2: Kíp 3 | AE2: Kíp 4 | AF2: Kíp 1 | AG2: Kíp 2 | AH2: Kíp 3 | AI2: Kíp 4
A3: 1 | B3: B1-106 | C3: 37 | D3: Học | E3: Học | F3: Học | G3: Học | I3: Học | J3: Học | K3: Học | L3: Học | N3: Học | O3: Học | P3: Học | Q3: Học | S3: Học | T3: Học | U3: Học | V3: Học | W3: Học | X3: Học | Y3: Học | Z3: Học | AA3: Học
A4: 2 | B4: B1-107 | C4: 37 | D4: Học | E4: Học | F4: Học | G4: Học | I4: Học | J4: Học | K4: Học | L4: Học | N4: Học | O4: Học | P4: Học | Q4: Học | S4: Học | T4: Học | U4: Học | V4: Học | W4: Học | X4: Học | Y4: Học | Z4: Học | AA4: Học
A5: 3 | B5: B1-108 | C5: 37 | F5: Học | G5: Học | K5: Học | L5: Học | S5: Học | T5: Học | X5: Học | Y5: Học | Z5: Học | AA5: Học
A6: 4 | B6: B1-109 | C6: 37 | D6: Học | E6: Học | F6: Học | G6: Học | K6: Học | L6: Học | S6: Học | T6: Học
A7: 5 | B7: B1-202 | C7: 37 | I7: Học | J7: Học | K7: Học | L7: Học | N7: Học | O7: Học | P7: Học | Q7: Học | S7: Học | T7: Học | U7: Học | V7: Học | W7: Học
A8: 6 | B8: B1-203 | C8: 30 | I8: Học | J8: Học | K8: Học | L8: Học | N8: Học | O8: Học | P8: Học | Q8: Học | S8: Học | T8: Học | U8: Học | V8: Học | W8: Học | X8: Học | Y8: Học | Z8: Học | AA8: Học
A9: 7 | B9: B1-204 | C9: 37 | D9: Học | E9: Học | F9: Học | G9: Học | I9: Học | J9: Học | K9: Học | L9: Học | N9: Học | O9: Học | P9: Học | Q9: Học | S9: Học | T9: Học | U9: Học | V9: Học | W9: Học | X9: Học | Y9: Học | Z9: Học | AA9: Học
A10: 8 | B10: B1-206 | C10: 37 | D10: Học | E10: Học | F10: Học | G10: Học | K10: Học | L10: Học | P10: Học | Q10: Học | U10: Học | V10: Học | W10: Học | Z10: Học | AA10: Học
A11: 9 | B11: B1-207 | C11: 37 | D11: Học | E11: Học | F11: Học | G11: Học | K11: Học | L11: Học | N11: Học | O11: Học | P11: Học | Q11: Học | S11: Học | T11: Học | U11: Học | V11: Học | W11: Học | X11: Học | Y11: Học | Z11: Học | AA11: Học
A12: 10 | B12: B1-208 | C12: 37 | D12: Học | E12: Học | F12: Học | G12: Học | I12: Học | J12: Học | K12: Học | L12: Học | N12: Học | O12: Học | P12: Học | Q12: Học | X12: Học | Y12: Học | Z12: Học | AA12: Học
A13: 11 | B13: B1-209 | C13: 37 | F13: Học | G13: Học | I13: Học | J13: Học | K13: Học | L13: Học | S13: Học | T13: Học | X13: Học | Y13: Học | Z13: Học | AA13: Học
B14: số lớp học | D14: =COUNTA(D3:D13) -> 7 | E14: =COUNTA(E3:E13) -> 7 | F14: =COUNTA(F3:F13) -> 9 | G14: =COUNTA(G3:G13) -> 9 | H14: =COUNTA(H3:H13) -> 0 | I14: =COUNTA(I3:I13) -> 7 | J14: =COUNTA(J3:J13) -> 7 | K14: =COUNTA(K3:K13) -> 11 | ... AI14: =COUNTA(AI3:AI13) -> 0
B15: Số sv thi | D15: =(11-D14)*37-5 -> 143 | E15: =(11-E14)*37-5 -> 143 | F15: =(11-F14)*37-5 -> 69 | G15: =(11-G14)*37-5 -> 69 | H15: =(11-H14)*37-5 -> 402 | I15: =(11-I14)*37 -> 148 | J15: =(11-J14)*37 -> 148 | K15: =(11-K14)*37 -> 0 | L15: =(11-L14)*37 -> 0 | M15: =(11-M14)*37 -> 407 | N15: =(11-N14)*37 -> 148 | O15: =(11-O14)*37 -> 148 | P15: =(11-P14)*37 -> 111 | ... AA15: =(11-AA14)*37 -> 74 | AB15: =(11-AB14)*37-5 -> 402 | AC15: =(11-AC14)*37-5 -> 402 | AD15: =(11-AD14)*37-5 -> 402 | AE15: =(11-AE14)*37-5 -> 402 | AF15: =(11-AF14)*37-5 -> 402 | AG15: =(11-AG14)*37-5 -> 402 | AH15: =(11-AH14)*37-5 -> 402 | AI15: =(11-AI14)*37-5 -> 402

Sheet TrucKyThuat
A1: TT | B1: Họ và tên | C1: Tuần 20 | D1: Tuần 21 | E1: Tuần 22 | F1: Cộng
A2: 1 | B2: Phạm Thanh Liêm | C2: =COUNTIF(Tuan20!$18:$19,TrucKyThuat!B2) -> 2 | D2: =COUNTIF(Tuan21!$18:$19,TrucKyThuat!B2) -> 1 | E2: =COUNTIF(Tuan22!$18:$19,TrucKyThuat!B2) -> 3 | F2: =SUM(C2:E2) -> 6
A3: 2 | B3: Nguyễn An Hưng | C3: =COUNTIF(Tuan20!$18:$19,TrucKyThuat!B3) -> 0 | D3: =COUNTIF(Tuan21!$18:$19,TrucKyThuat!B3) -> 0 | E3: =COUNTIF(Tuan22!$18:$19,TrucKyThuat!B3) -> 2 | F3: =SUM(C3:E3) -> 2
A4: 3 | B4: Hoàng Văn Hiệp | C4: =COUNTIF(Tuan20!$18:$19,TrucKyThuat!B4) -> 0 | D4: =COUNTIF(Tuan21!$18:$19,TrucKyThuat!B4) -> 0 | E4: =COUNTIF(Tuan22!$18:$19,TrucKyThuat!B4) -> 2 | F4: =SUM(C4:E4) -> 2
A5: 4 | B5: Nguyễn Văn Hiên | C5: =COUNTIF(Tuan20!$18:$19,TrucKyThuat!B5) -> 4 | D5: =COUNTIF(Tuan21!$18:$19,TrucKyThuat!B5) -> 3 | E5: =COUNTIF(Tuan22!$18:$19,TrucKyThuat!B5) -> 2 | F5: =SUM(C5:E5) -> 9
A6: 5 | B6: Phạm Quang Hiếu | C6: =COUNTIF(Tuan20!$18:$19,TrucKyThuat!B6) -> 3 | D6: =COUNTIF(Tuan21!$18:$19,TrucKyThuat!B6) -> 3 | E6: =COUNTIF(Tuan22!$18:$19,TrucKyThuat!B6) -> 3 | F6: =SUM(C6:E6) -> 9
A7: 6 | B7: Phạm Thị Phương Giang | C7: =COUNTIF(Tuan20!$18:$19,TrucKyThuat!B7) -> 0 | D7: =COUNTIF(Tuan21!$18:$19,TrucKyThuat!B7) -> 4 | E7: =COUNTIF(Tuan22!$18:$19,TrucKyThuat!B7) -> 5 | F7: =SUM(C7:E7) -> 9
A8: 7 | B8: Trần Thị Dung | C8: =COUNTIF(Tuan20!$18:$19,TrucKyThuat!B8) -> 3 | D8: =COUNTIF(Tuan21!$18:$19,TrucKyThuat!B8) -> 1 | E8: =COUNTIF(Tuan22!$18:$19,TrucKyThuat!B8) -> 6 | F8: =SUM(C8:E8) -> 10 | G8: IT1130
A9: 8 | B9: Nhữ Thị Nga | C9: =COUNTIF(Tuan20!$18:$19,TrucKyThuat!B9) -> 1 | D9: =COUNTIF(Tuan21!$18:$19,TrucKyThuat!B9) -> 3 | E9: =COUNTIF(Tuan22!$18:$19,TrucKyThuat!B9) -> 6 | F9: =SUM(C9:E9) -> 10 | G9: IT1130
A10: 9 | B10: Lê Thị Hoa | C10: =COUNTIF(Tuan20!$18:$19,TrucKyThuat!B10) -> 4 | D10: =COUNTIF(Tuan21!$18:$19,TrucKyThuat!B10) -> 2 | E10: =COUNTIF(Tuan22!$18:$19,TrucKyThuat!B10) -> 4 | F10: =SUM(C10:E10) -> 10 | G10: IT1130

Sheet Tuan20
A1: Tuần 20 | D1: Thứ 2 (19.01.2025) | I1: Thứ 3 (20.01.2025) | N1: Thứ 4 (21.01.2026) | T1: Thứ 5 (22.01.2026) | Y1: Thứ 6 (23.01.2026) | AD1: Thứ 7 (24.01.2026) | AH1: Chủ nhật (25.01.2026)
A2: TT | B2: Phòng | C2: Số sv | D2: Kíp 1 - 7h00 | E2: Kíp 2-9h30 | F2: Kíp 3-12h30 | G2: Kíp 4-15h00 | H2: Kíp 5-17h30 | I2: Kíp 1 - 7h00 | J2: Kíp 2-9h30 | K2: Kíp 3-12h30 | L2: Kíp 4-15h00 | M2: Kíp 5-17h30 | N2: Kíp 1 - 7h00 | O2: Kíp 2-9h30 | P2: Kíp 3-12h30 | Q2: Kíp 4-15h00 | R2: Kíp 5-17h30 | S2: Kíp 5.2-18h45 | T2: Kíp 1 - 7h00 | U2: Kíp 2-9h30 | V2: Kíp 3-12h30 | W2: Kíp 4-15h00 | X2: Kíp 5-17h30 | Y2: Kíp 1 - 7h00 | Z2: Kíp 2-9h30 | AA2: Kíp 3-12h30 | AB2: Kíp 4-15h00 | AC2: Kíp 5-17h30 | AD2: Kíp 1 | AE2: Kíp 2 | AF2: Kíp 3 | AG2: Kíp 4 | AH2: Kíp 1 | AI2: Kíp 2 | AJ2: Kíp 3 | AK2: Kíp 4
A3: 1 | B3: B1-106 | C3: 37 | D3: IT4409-161623-ThànhNT | E3: IT4409-162307-QuynhPH | F3: IT4082 - HoáTN | H3: IT3180 - 161626 - 190224 | K3: IT3230-Trần Đức Duy | L3: IT3230 | N3: IT3030E - HiepHV | O3: IT3030E - TrungNL | R3: IT3030 - GiangTDK | S3: IT3030 - GiangTDK | T3: IT4772 - HieuNK | V3: IT4172 | W3: IT4043E | X3: IT4172 | Y3: IT3120E | Z3: IT3120E | AC3: IT4735 | AD3: Thi TSA | AH3: Thi TSA
A4: 2 | B4: B1-107 | C4: 37 | D4: IT4409-162308-HuongTT | E4: IT4409-162307-HuongTT | F4: IT4082 - SơnNV | H4: IT3180 - 161626 - 190224 | K4: IT3230-Nguyễn Quốc Tuấn | L4: IT3230 | N4: IT3030E - TienND | O4: IT3030E - TienND | R4: IT3030 - TienND | S4: IT3030 - TienND | V4: IT4172 | W4: IT4043E | X4: IT4172 | Y4: IT3120E | Z4: IT3120E | AC4: IT4735
A5: 3 | B5: B1-108 | C5: 37 | D5: IT4409-162308-LamDB | E5: IT4409-162307-LamDB | F5: IT4082 - TienND | H5: IT3180 - 162271 | K5: IT3230-Lã Thế Vinh | L5: IT3230 | N5: IT3030E - Trần Duy | O5: IT3030E - Trần Duy | R5: IT3030 - NguyênĐS | S5: IT3030 - NguyênĐS | V5: IT4172 | W5: IT4043E | X5: IT4172 | Y5: IT3120E | Z5: IT3120E | AC5: IT4735
A6: 4 | B6: B1-109 | C6: 37 | D6: IT4409-162308-HangNTT | E6: IT4409-162307-HangNTT | F6: IT4082 | H6: IT3180 - 162271 | K6: IT3230-Dương Quang Huy | L6: IT3230 | O6: IT3030E - ThuanDC | R6: IT3030 - LongNH | S6: IT3030 - LongNH | V6: IT4172 | W6: IT4043E | X6: IT4172 | AC6: IT4735
A7: 5 | B7: B1-202 | C7: 37 | D7: IT4409 | F7: IT4082 | H7: IT3180 - 162271 | K7: IT3230-Nguyễn Tiến Thành | L7: IT3230 | M7: IT4441 | R7: IT3030 - QuangNH | V7: IT4172 | X7: IT4172 | AC7: IT4735
A8: 6 | B8: B1-203 -SD Laptop | C8: 30 | H8: IT3180 - 162271 - SơnNV | K8: IT3230-Nguyễn Hồng Phương | L8: IT3230 | AC8: IT4735
A9: 7 | B9: B1-204 | C9: 37 | D9: IT4409-161256 | E9: IT4409-161255 | F9: IT4082 | G9: IT3180-162273-190231 | H9: IT3180 - 162272 - AnhTL | J9: IT4930 | K9: IT3230-Tạ Duy Hoàng | L9: IT3230 | M9: IT4441 | Q9: IT3283E - HungPN | R9: IT3034 - HungPN | S9: IT3030 - HungPN | V9: IT4172 | X9: IT4172 | AA9: IT3220-161472 | AC9: IT4735
A10: 8 | B10: B1-206 | C10: 37 | D10: IT4409-161256 | E10: IT4409-161255 | F10: IT4082 | G10: IT3180-162273-190231 | H10: IT3180 - 162272 - TienND | J10: IT4930 | K10: IT3230-Vũ Đức Vượng | L10: IT3230 | M10: IT4441 | Q10: IT3283E - HuynhDH | R10: IT3030 - HiepHV | S10: IT3030 - HiepHV | V10: IT4172 | X10: IT4172 | AA10: IT3220-161470 | AC10: IT4735
A11: 9 | B11: B1-207 | C11: 37 | D11: IT4409-161256 | E11: IT4409-161255 | F11: IT4082E | G11: IT3180-162273-190232 | H11: IT3180 - 162272 - TrungBQ | J11: IT4930 | K11: IT3230- Ngô Thành Trung | L11: IT3230 | M11: IT4441E | Q11: IT3283E - TienND | R11: IT3030 - TrungLĐ | S11: IT3030 - TrungLĐ | V11: IT4172 | X11: IT4172 | AA11: IT3220-161471 | AC11: IT4735
A12: 10 | B12: B1-208 | C12: 37 | D12: IT4409-161256,161257-DuyTĐ | E12: IT4409-161257-ThànhNT | F12: IT4082E | G12: IT3180-162273-190232 | H12: IT3180 - 162272 - HoáTN | J12: IT4930 | K12: IT3230-Nguyễn Hồng Quang | L12: IT3230 | M12: IT4441E | Q12: IT3283E - HiepHV | R12: IT3030 - TrungNL | S12: IT3030 - HuyNông | V12: IT4172 | X12: IT4172 | AA12: IT3230-161473 | AC12: IT4735
A13: 11 | B13: B1-209 | C13: 37 | D13: IT4409-161257-ĐạtTT | E13: IT4409-161257-ĐạtTT | F13: IT4082E | G13: IT3180-162273-190232 | H13: IT3180 - 162272 | J13: IT4930 | K13: IT3230-Nguyễn Duy Tùng | L13: IT3230 | M13: IT4441E | Q13: IT3283E - LongNH | R13: IT3030 - TrungNThanh | S13: IT3030 - TrungNThanh | V13: IT4172 | X13: IT4172 | AA13: IT5425 | AB13: IT4681 | AC13: IT4735E
D14: =COUNTA(D3:D13) -> 10 | E14: =COUNTA(E3:E13) -> 9 | F14: =COUNTA(Tuan20!F3:F13) -> 10 | G14: =COUNTA(G3:G13) -> 5 | H14: =COUNTA(H3:H13) -> 11 | I14: =COUNTA(I3:I8) -> 0 | J14: =COUNTA(J3:J13) -> 5 | K14: =COUNTA(K3:K13) -> 11 | L14: =COUNTA(L3:L13) -> 11 | M14: =COUNTA(M5:M13) -> 6 | N14: =COUNTA(N3:N13) -> 3 | O14: =COUNTA(O3:O13) -> 4 | P14: =COUNTA(P3:P13) -> 0 | Q14: =COUNTA(Q3:Q13) -> 5 | R14: =COUNTA(R3:R13) -> 10 | T14: =COUNTA(T3:T13) -> 1 | U14: =COUNTA(U3:U13) -> 0 | V14: =COUNTA(V3:V13) -> 10 | W14: =COUNTA(W3:W13) -> 4 | X14: =COUNTA(X3:X13) -> 10 | Y14: =COUNTA(Y3:Y13) -> 3 | Z14: =COUNTA(Z3:Z13) -> 3 | AA14: =COUNTA(AA4:AA13) -> 5 | AC14: =COUNTA(AC3:AC13) -> 11 | AD14: =COUNTA(AD3:AD13) -> 1 | AE14: =COUNTA(AE3:AE13) -> 0 | AF14: =COUNTA(AF3:AF13) -> 0 | AG14: =COUNTA(AG3:AG13) -> 0 | AH14: =COUNTA(AH3:AH13) -> 1 | AI14: =COUNTA(AI3:AI13) -> 0 | AJ14: =COUNTA(AJ3:AJ13) -> 0 | AK14: =COUNTA(AK3:AK13) -> 0
B15: Số sv thi | D15: =(11-D14)*37-5 -> 32 | E15: =(11-E14)*37-5 -> 69 | F15: =(11-F14)*37-5 -> 32 | G15: =(11-G14)*37-5 -> 217 | H15: =(11-H14)*37-5 -> -5 | I15: =(11-I14)*37 -> 407 | J15: =(11-J14)*37 -> 222 | K15: =(11-K14)*37 -> 0 | L15: =(11-L14)*37 -> 0 | M15: =(11-M14)*37 -> 185 | N15: =(11-N14)*37 -> 296 | O15: =(11-O14)*37 -> 259 | P15: =(11-P14)*37 -> 407 | ... R15: =(11-R14)*37 -> 37 | T15: =(11-T14)*37 -> 370 | U15: =(11-U14)*37 -> 407 | V15: =(11-V14)*37 -> 37 | W15: =(11-W14)*37 -> 259 | X15: =(11-X14)*37 -> 37 | Y15: =(11-Y14)*37 -> 296 | Z15: =(11-Z14)*37 -> 296 | AA15: =(11-AA14)*37 -> 222 | AC15: =(11-AC14)*37 -> 0 | AD15: =(11-AD14)*37-5 -> 365 | AE15: =(11-AE14)*37-5 -> 402 | AF15: =(11-AF14)*37-5 -> 402 | AG15: =(11-AG14)*37-5 -> 402 | AH15: =(11-AH14)*37-5 -> 365 | AI15: =(11-AI14)*37-5 -> 402 | AJ15: =(11-AJ14)*37-5 -> 402 | AK15: =(11-AK14)*37-5 -> 402
K16: Thi Hustack
A17: Trực kỹ thuật
B18: Tầng 1 | D18: Phạm Quang Hiếu | F18: Lê Thị Hoa | K18: Trần Thị Dung | N18: Trần Thị Dung | P18: Nguyễn Văn Hiên | T18: Phạm Thanh Liêm | V18: Phạm Quang Hiếu | Y18: Nhữ Thị Nga | AA18: Lê Thị Hoa
B19: Tầng 2 | D19: Lê Thị Hoa | F19: Nguyễn Văn Hiên | I19: Lê Thị Hoa | K19: Phạm Quang Hiếu | L19: Phạm Thanh Liêm | P19: Trần Thị Dung | V19: Nguyễn Văn Hiên | AA19: Nguyễn Văn Hiên
B20: Trực phòng var | D20: Hoàng Việt Dũng

Sheet LichThi_Chung_Note
A1: Mã lớp thi | B1: Mã lớp học | C1: Mã học phần | D1: Tên học phần | E1: Ghi chú | F1: Nhóm | G1: Đợt | H1: Tuần | I1: Thứ | J1: Ngày thi | K1: Kíp thi | L1: SL | M1: Phòng thi | N1: Mã lớp thi | O1: Note | P1: Giảng viên
A2: 189921 | B2: 164907 | C2: IT1108 | D2: Nhập môn lập trình | E2: **Tài năng KHMT-K70C | F2: CTTN-KHMT-K70 | G2: AB | H2: T21 | I2: Thứ hai | J2: 46048 | K2: Kíp 1 | L2: 50 | M2: Phòng máy_Trung tâm máy tính | N2: 189921
A3: 189924 | B3: 165278 | C3: IT1108 | D3: Nhập môn lập trình | E3: KH máy tính 01,02,03,04-K70C | F3: Khoa học máy tính 04-K70 | G3: AB | H3: T21 | I3: Thứ hai | J3: 46048 | K3: Kíp 1 | L3: 40 | M3: Phòng máy_Trung tâm máy tính | N3: 189924
A4: 189922 | B4: 165278 | C4: IT1108 | D4: Nhập môn lập trình | E4: KH máy tính 01,02,03,04-K70C | F4: TC | G4: AB | H4: T21 | I4: Thứ hai | J4: 46048 | K4: Kíp 2 | L4: 20 | M4: Phòng máy_Trung tâm máy tính | N4: 189922
A5: 189926 | B5: 165278 | C5: IT1108 | D5: Nhập môn lập trình | E5: KH máy tính 01,02,03,04-K70C | F5: Khoa học máy tính 02-K70 | G5: AB | H5: T21 | I5: Thứ hai | J5: 46048 | K5: Kíp 1 | L5: 42 | M5: Phòng máy_Trung tâm máy tính | N5: 189926
A6: 189923 | B6: 165278 | C6: IT1108 | D6: Nhập môn lập trình | E6: KH máy tính 01,02,03,04-K70C | F6: Khoa học máy tính 03-K70 | G6: AB | H6: T21 | I6: Thứ hai | J6: 46048 | K6: Kíp 1 | L6: 42 | M6: Phòng máy_Trung tâm máy tính | N6: 189923
A7: 189925 | B7: 165278 | C7: IT1108 | D7: Nhập môn lập trình | E7: KH máy tính 01,02,03,04-K70C | F7: Khoa học máy tính 01-K70 | G7: AB | H7: T21 | I7: Thứ hai | J7: 46048 | K7: Kíp 1 | L7: 40 | M7: Phòng máy_Trung tâm máy tính | N7: 189925
A8: 189929 | B8: 165286 | C8: IT1108 | D8: Nhập môn lập trình | E8: KH máy tính 05,06,07 - KT máy tính 05-K70S | F8: Khoa học máy tính 07-K70 | G8: AB | H8: T21 | I8: Thứ hai | J8: 46048 | K8: Kíp 1 | L8: 40 | M8: Phòng máy_Trung tâm máy tính | N8: 189929
A9: 189928 | B9: 165286 | C9: IT1108 | D9: Nhập môn lập trình | E9: KH máy tính 05,06,07 - KT máy tính 05-K70S | F9: TC | G9: AB | H9: T21 | I9: Thứ hai | J9: 46048 | K9: Kíp 2 | L9: 12 | M9: Phòng máy_Trung tâm máy tính | N9: 189928
A10: 189927 | B10: 165286 | C10: IT1108 | D10: Nhập môn lập trình | E10: KH máy tính 05,06,07 - KT máy tính 05-K70S | F10: Khoa học máy tính 05-K70 | G10: AB | H10: T21 | I10: Thứ hai | J10: 46048 | K10: Kíp 1 | L10: 41 | M10: Phòng máy_Trung tâm máy tính | N10: 189927
A11: 189931 | B11: 165286 | C11: IT1108 | D11: Nhập môn lập trình | E11: KH máy tính 05,06,07 - KT máy tính 05-K70S | F11: Kỹ thuật máy tính 05-K70 | G11: AB | H11: T21 | I11: Thứ hai | J11: 46048 | K11: Kíp 1 | L11: 44 | M11: Phòng máy_Trung tâm máy tính | N11: 189931
A12: 189930 | B12: 165286 | C12: IT1108 | D12: Nhập môn lập trình | E12: KH máy tính 05,06,07 - KT máy tính 05-K70S | F12: Khoa học máy tính 06-K70 | G12: AB | H12: T21 | I12: Thứ hai | J12: 46048 | K12: Kíp 1 | L12: 41 | M12: Phòng máy_Trung tâm máy tính | N12: 189930
A13: 189935 | B13: 165293 | C13: IT1108 | D13: Nhập môn lập trình | E13: KT máy tính 01,02,03,04-K70S | F13: Kỹ thuật máy tính 01-K70 | G13: AB | H13: T21 | I13: Thứ hai | J13: 46048 | K13: Kíp 2 | L13: 44 | M13: Phòng máy_Trung tâm máy tính | N13: 189935
... A188: 190233 | B188: 162273 | C188: IT3180 | D188: Nhập môn công nghệ phần mềm | E188: (Blend)-KH máy tính - KT máy tính-K68C | F188: Nhóm 1 | G188: AB | H188: T20 | I188: Thứ hai | J188: 46041 | K188: Kíp 5 | L188: 54 | M188: Phòng máy_Trung tâm máy tính | N188: 190233
A189: 190232 | B189: 162273 | C189: IT3180 | D189: Nhập môn công nghệ phần mềm | E189: (Blend)-KH máy tính - KT máy tính-K68C | F189: Nhóm 2 | G189: AB | H189: T20 | I189: Thứ hai | J189: 46041 | K189: Kíp 3 | L189: 53 | M189: Phòng máy_Trung tâm máy tính | N189: 190232 | O189: kíp 3 xin chuyển kíp 4 | P189: GiangVTH
A190: 190231 | B190: 162273 | C190: IT3180 | D190: Nhập môn công nghệ phần mềm | E190: (Blend)-KH máy tính - KT máy tính-K68C | F190: Nhóm 3 | G190: AB | H190: T20 | I190: Thứ hai | J190: 46041 | K190: Kíp 4 | L190: 53 | M190: Phòng máy_Trung tâm máy tính | N190: 190231
A191: 190239 | B191: 162268 | C191: IT3190 | D191: Nhập môn Học máy và khai phá dữ liệu | E191: KH máy tính-K68S | F191: Nhóm 2 | G191: AB | H191: T21 | I191: Thứ hai | J191: 46048 | K191: Kíp 3 | L191: 46 | M191: Phòng máy_Trung tâm máy tính | N191: 190239
A192: 190238 | B192: 162268 | C192: IT3190 | D192: Nhập môn Học máy và khai phá dữ liệu | E192: KH máy tính-K68S | F192: Nhóm 1 | G192: AB | H192: T21 | I192: Thứ hai | J192: 46048 | K192: Kíp 3 | L192: 46 | M192: Phòng máy_Trung tâm máy tính | N192: 190238
A193: 190241 | B193: 162269 | C193: IT3190 | D193: Nhập môn Học máy và khai phá dữ liệu | E193: KH máy tính-K68S | F193: Nhóm 1 | G193: AB | H193: T21 | I193: Thứ hai | J193: 46048 | K193: Kíp 3 | L193: 50 | M193: Phòng máy_Trung tâm máy tính | N193: 190241
A194: 190240 | B194: 162269 | C194: IT3190 | D194: Nhập môn Học máy và khai phá dữ liệu | E194: KH máy tính-K68S | F194: Nhóm 2 | G194: AB | H194: T21 | I194: Thứ hai | J194: 46048 | K194: Kíp 3 | L194: 49 | M194: Phòng máy_Trung tâm máy tính | N194: 190240
A195: 190242 | B195: 164865 | C195: IT3190 | D195: Nhập môn Học máy và khai phá dữ liệu | E195: KSCS-GenAI - Khối kiến thức ngành rộng | F195: TC | G195: AB | H195: T21 | I195: Thứ hai | J195: 46048 | K195: Kíp 3 | L195: 25 | M195: Phòng máy_Trung tâm máy tính | N195: 190242
A196: 190272 | B196: 161861 | C196: IT3320E | D196: Introduction to Deep Learning | E196: **CTTT-Data Science, An toàn KG-K68C | F196: TC | G196: AB | H196: T20 | I196: Thứ ba | J196: 46042 | K196: Kíp 1 | L196: 71 | M196: Phòng máy_Trung tâm máy tính | N196: 190272
A197: 190274 | B197: 161862 | C197: IT3320E | D197: Introduction to Deep Learning | E197: **CTTT-Data Science, An toàn KG-K68C | F197: Nhóm 2 | G197: AB | H197: T20 | I197: Thứ ba | J197: 46042 | K197: Kíp 1 | L197: 40 | M197: Phòng máy_Trung tâm máy tính | N197: 190274
A198: 190273 | B198: 161862 | C198: IT3320E | D198: Introduction to Deep Learning | E198: **CTTT-Data Science, An toàn KG-K68C | F198: Nhóm 1 | G198: AB | H198: T20 | I198: Thứ ba | J198: 46042 | K198: Kíp 1 | L198: 40 | M198: Phòng máy_Trung tâm máy tính | N198: 190273
A199: 190330 | B199: 161857 | C199: IT4010E | D199: Nhập môn an toàn thông tin | E199: **CTTT-Data Science, An toàn KG-K68C | F199: Nhóm 1 | G199: AB | H199: T22 | I199: Thứ sáu | J199: 46059 | K199: Kíp 3 | L199: 47 | M199: Phòng máy_Trung tâm máy tính | N199: 190330
A200: 190331 | B200: 161857 | C200: IT4010E | D200: Nhập môn an toàn thông tin | E200: **CTTT-Data Science, An toàn KG-K68C | F200: Nhóm 2 | G200: AB | H200: T22 | I200: Thứ sáu | J200: 46059 | K200: Kíp 3 | L200: 50 | M200: Phòng máy_Trung tâm máy tính | N200: 190331
A201: 190332 | B201: 161858 | C201: IT4010E | D201: Nhập môn an toàn thông tin | E201: **CTTT-Data Science, An toàn KG-K68C | F201: Nhóm 2 | G201: AB | H201: T22 | I201: Thứ sáu | J201: 46059 | K201: Kíp 3 | L201: 49 | M201: Phòng máy_Trung tâm máy tính | N201: 190332
... A279: 190600 | B279: 162267 | C279: IT5425 | D279: Quản trị dữ liệu và trực quan hóa | E279: KH máy tính-K68S | F279: TC | G279: AB | H279: T20 | I279: Thứ sáu | J279: 46045 | K279: Kíp 3 | L279: 37 | M279: Phòng máy_Trung tâm máy tính | N279: 190600
A280: 190467 | B280: 161250 | C280: IT4651 | D280: Thiết kế và triển khai mạng IP | E280: *Việt Nhật K67C | F280: Nhóm 1 | G280: VN_ICT | H280: T21 | I280: Thứ sáu | J280: 46052 | K280: Kíp 4 | L280: 43 | M280: Phòng máy TTMT | N280: 190467 | P280: Phạm Huy Hoàng | Q280: 670 | R280: 43 | S280: AB | T280: 674 | U280: Elitech | V280: TCNTT | W280: Trường Công nghệ thông tin và Truyền thông | X280: 190467 | Y280: D9-501 | Z280: 67 | AA280: Phạm Huy Hoàng | AB280: Thi trên máy tính | AC280: X | AD280: Phạm Huy Hoàng
A281: 190468 | B281: 161250 | C281: IT4651 | D281: Thiết kế và triển khai mạng IP | E281: *Việt Nhật K67C | F281: Nhóm 2 | G281: VN_ICT | H281: T21 | I281: Thứ sáu | J281: 46052 | K281: Kíp 4 | L281: 42 | M281: Phòng máy TTMT | N281: 190468 | P281: Phạm Huy Hoàng | Q281: 670 | R281: 42 | S281: AB | T281: 674 | U281: Elitech | V281: TCNTT | W281: Trường Công nghệ thông tin và Truyền thông | X281: 190468 | Y281: D9-501 | Z281: 67 | AA281: Phạm Huy Hoàng | AB281: Thi trên máy tính | AC281: X | AD281: Phạm Huy Hoàng
A282: 190489 | B282: 161251 | C282: IT4785 | D282: Phát triển ứng dụng cho thiết bị di động | E282: *Việt Nhật K67-1C | F282: Nhóm 2 | G282: VN_ICT | H282: T22 | I282: Thứ hai | J282: 46055 | K282: Kíp 3,5 | L282: 51 | M282: Phòng máy TTMT | N282: 190489 | P282: Lê Bá Vui | Q282: 670 | R282: 51 | S282: AB | T282: 674 | U282: Elitech | V282: TCNTT | W282: Trường Công nghệ thông tin và Truyền thông | X282: 190489 | Y282: D9-501 | Z282: 67 | AA282: Lê Bá Vui | AB282: Thi trên máy tính | AC282: X | AD282: Hoàng Văn Hiệp
A283: 190490 | B283: 161251 | C283: IT4785 | D283: Phát triển ứng dụng cho thiết bị di động | E283: *Việt Nhật K67-1C | F283: Nhóm 3 | G283: VN_ICT | H283: T22 | I283: Thứ hai | J283: 46055 | K283: Kíp 3,5 | L283: 51 | M283: Phòng máy TTMT | N283: 190490 | P283: Lê Bá Vui | Q283: 670 | R283: 51 | S283: AB | T283: 674 | U283: Elitech | V283: TCNTT | W283: Trường Công nghệ thông tin và Truyền thông | X283: 190490 | Y283: D9-501 | Z283: 67 | AA283: Lê Bá Vui | AB283: Thi trên máy tính | AC283: X | AD283: Hoàng Văn Hiệp
A284: 190491 | B284: 161251 | C284: IT4785 | D284: Phát triển ứng dụng cho thiết bị di động | E284: *Việt Nhật K67-1C | F284: Nhóm 1 | G284: VN_ICT | H284: T22 | I284: Thứ hai | J284: 46055 | K284: Kíp 3,5 | L284: 52 | M284: Phòng máy TTMT | N284: 190491 | P284: Lê Bá Vui | Q284: 670 | R284: 52 | S284: AB | T284: 674 | U284: Elitech | V284: TCNTT | W284: Trường Công nghệ thông tin và Truyền thông | X284: 190491 | Y284: D9-501 | Z284: 67 | AA284: Lê Bá Vui | AB284: Thi trên máy tính | AC284: X | AD284: Hoàng Văn Hiệp
A285: 190493 | B285: 161252 | C285: IT4785 | D285: Phát triển ứng dụng cho thiết bị di động | E285: *Việt Nhật K67-2C | F285: Nhóm 1 | G285: VN_ICT | H285: T22 | I285: Thứ hai | J285: 46055 | K285: Kíp 3,5 | L285: 47 | M285: Phòng máy TTMT | N285: 190493 | P285: Nguyễn Đình Thuận | Q285: 670 | R285: 47 | S285: AB | T285: 674 | U285: Elitech | V285: TCNTT | W285: Trường Công nghệ thông tin và Truyền thông | X285: 190493 | Y285: D9-501 | Z285: 67 | AA285: Nguyễn Đình Thuận | AB285: Thi trên máy tính | AC285: X | AD285: Hoàng Văn Hiệp
A286: 190492 | B286: 161252 | C286: IT4785 | D286: Phát triển ứng dụng cho thiết bị di động | E286: *Việt Nhật K67-2C | F286: Nhóm 2 | G286: VN_ICT | H286: T22 | I286: Thứ hai | J286: 46055 | K286: Kíp 3,5 | L286: 47 | M286: Phòng máy TTMT | N286: 190492 | P286: Nguyễn Đình Thuận | Q286: 670 | R286: 47 | S286: AB | T286: 674 | U286: Elitech | V286: TCNTT | W286: Trường Công nghệ thông tin và Truyền thông | X286: 190492 | Y286: D9-501 | Z286: 67 | AA286: Nguyễn Đình Thuận | AB286: Thi trên máy tính | AC286: X | AD286: Hoàng Văn Hiệp
A287: 190494 | B287: 161252 | C287: IT4785 | D287: Phát triển ứng dụng cho thiết bị di động | E287: *Việt Nhật K67-2C | F287: Nhóm 3 | G287: VN_ICT | H287: T22 | I287: Thứ hai | J287: 46055 | K287: Kíp 3,5 | L287: 47 | M287: Phòng máy TTMT | N287: 190494 | P287: Nguyễn Đình Thuận | Q287: 670 | R287: 47 | S287: AB | T287: 674 | U287: Elitech | V287: TCNTT | W287: Trường Công nghệ thông tin và Truyền thông | X287: 190494 | Y287: D9-501 | Z287: 67 | AA287: Nguyễn Đình Thuận | AB287: Thi trên máy tính | AC287: X | AD287: Hoàng Văn Hiệp
A288: 190235 | B288: 161253 | C288: IT3190 | D288: Nhập môn Học máy và khai phá dữ liệu | E288: *Việt Nhật K67-1C | F288: Nhóm 1 | G288: VN_ICT | H288: T21 | I288: Thứ hai | J288: 46048 | K288: Kíp 3,4 | L288: 60 | M288: Phòng máy TTMT | N288: 190235 | P288: Nguyễn Thị Kim Anh | Q288: 670 | R288: 60 | S288: AB | T288: 674 | U288: Elitech | V288: TCNTT | W288: Trường Công nghệ thông tin và Truyền thông | X288: 190235 | Y288: D9-501 | Z288: 67 | AA288: Nguyễn Thị Kim Anh | AB288: Thi trên máy tính | AC288: X | AD288: Thân Quang Khoát
A289: 190234 | B289: 161253 | C289: IT3190 | D289: Nhập môn Học máy và khai phá dữ liệu | E289: *Việt Nhật K67-1C | F289: Nhóm 2 | G289: VN_ICT | H289: T21 | I289: Thứ hai | J289: 46048 | K289: Kíp 3,4 | L289: 60 | M289: Phòng máy TTMT | N289: 190234 | P289: Nguyễn Thị Kim Anh | Q289: 670 | R289: 60 | S289: AB | T289: 674 | U289: Elitech | V289: TCNTT | W289: Trường Công nghệ thông tin và Truyền thông | X289: 190234 | Y289: D9-501 | Z289: 67 | AA289: Nguyễn Thị Kim Anh | AB289: Thi trên máy tính | AC289: X | AD289: Thân Quang Khoát
A290: 190237 | B290: 161254 | C290: IT3190 | D290: Nhập môn Học máy và khai phá dữ liệu | E290: *Việt Nhật K67-2C | F290: Nhóm 2 | G290: VN_ICT | H290: T21 | I290: Thứ hai | J290: 46048 | K290: Kíp 3,4 | L290: 65 | M290: Phòng máy TTMT | N290: 190237 | P290: Đỗ Tiến Dũng | Q290: 670 | R290: 65 | S290: AB | T290: 674 | U290: Elitech | V290: TCNTT | W290: Trường Công nghệ thông tin và Truyền thông | X290: 190237 | Y290: D9-501 | Z290: 67 | AA290: Đỗ Tiến Dũng | AB290: Thi trên máy tính | AC290: X | AD290: Thân Quang Khoát
A291: 190236 | B291: 161254 | C291: IT3190 | D291: Nhập môn Học máy và khai phá dữ liệu | E291: *Việt Nhật K67-2C | F291: Nhóm 1 | G291: VN_ICT | H291: T21 | I291: Thứ hai | J291: 46048 | K291: Kíp 3,4 | L291: 66 | M291: Phòng máy TTMT | N291: 190236 | P291: Đỗ Tiến Dũng | Q291: 670 | R291: 66 | S291: AB | T291: 674 | U291: Elitech | V291: TCNTT | W291: Trường Công nghệ thông tin và Truyền thông | X291: 190236 | Y291: D9-501 | Z291: 67 | AA291: Đỗ Tiến Dũng | AB291: Thi trên máy tính | AC291: X | AD291: Thân Quang Khoát
... A414: 190244 | B414: 161469 | C414: IT3210 | D414: C Programming Language | E414: *ICT K70S | F414: ICT 02-K70 | G414: VN_ICT | H414: T21 | I414: Thứ sáu | J414: 46052 | K414: Kíp 2 | L414: 65 | M414: Phòng máy TTMT | N414: 190244 | P414: Dương Quang Huy | Q414: 670 | R414: 65 | S414: AB | T414: 674 | U414: Elitech | V414: TCNTT | W414: Trường Công nghệ thông tin và Truyền thông | X414: 190244 | Y414: D9-401 | Z414: 70 | AA414: Dương Quang Huy | AB414: Thi trên máy tính | AC414: X | AD414: Phạm Quang Dũng
A415: 190246 | B415: 161470 | C415: IT3220 | D415: C Programming (Introduction) | E415: *ICT K70-1S | F415: TC | G415: VN_ICT | H415: T20 | I415: Thứ sáu | J415: 23/01/2026 | K415: Kíp 3,4 | L415: 35 | M415: B1-206 | N415: 190246 | P415: Đỗ Quốc Huy | Q415: 670 | R415: 35 | S415: AB | T415: 674 | U415: Elitech | V415: TCNTT | W415: Trường Công nghệ thông tin và Truyền thông | X415: 190246 | Y415: B1-206 | Z415: 70 | AA415: Đỗ Quốc Huy | AB415: Thi trên máy tính | AC415: X | AD415: Phạm Quang Dũng
A416: 190247 | B416: 161471 | C416: IT3220 | D416: C Programming (Introduction) | E416: *ICT K70-2S | F416: TC | G416: VN_ICT | H416: T20 | I416: Thứ sáu | J416: 23/01/2026 | K416: Kíp 3,4 | L416: 34 | M416: B1-207 | N416: 190247 | P416: Đoàn Phong Tùng | Q416: 670 | R416: 34 | S416: AB | T416: 674 | U416: Elitech | V416: TCNTT | W416: Trường Công nghệ thông tin và Truyền thông | X416: 190247 | Y416: B1-207 | Z416: 70 | AA416: Đoàn Phong Tùng | AB416: Thi trên máy tính | AC416: X | AD416: Phạm Quang Dũng
A417: 190248 | B417: 161472 | C417: IT3220 | D417: C Programming (Introduction) | E417: *ICT K70-3S | F417: TC | G417: VN_ICT | H417: T20 | I417: Thứ sáu | J417: 23/01/2026 | K417: Kíp 3,4 | L417: 35 | M417: B1-204 | N417: 190248 | P417: Cao Tuấn Dũng (0.8) - Nguyễn Tiến Thành (0.2) | Q417: 670 | R417: 35 | S417: AB | T417: 674 | U417: Elitech | V417: TCNTT | W417: Trường Công nghệ thông tin và Truyền thông | X417: 190248 | Y417: B1-204 | Z417: 70 | AA417: Cao Tuấn Dũng (0.8) - Nguyễn Tiến Thành (0.2) | AB417: Thi trên máy tính | AC417: X | AD417: Phạm Quang Dũng
A418: 190249 | B418: 161473 | C418: IT3220 | D418: C Programming (Introduction) | E418: *ICT K70-4S | F418: TC | G418: VN_ICT | H418: T20 | I418: Thứ sáu | J418: 23/01/2026 | K418: Kíp 3,4 | L418: 38 | M418: B1-208 | N418: 190249 | P418: Nguyễn Duy Hiệp | Q418: 670 | R418: 38 | S418: AB | T418: 674 | U418: Elitech | V418: TCNTT | W418: Trường Công nghệ thông tin và Truyền thông | X418: 190249 | Y418: B1-207 | Z418: 70 | AA418: Nguyễn Duy Hiệp | AB418: Thi trên máy tính | AC418: X | AD418: Phạm Quang Dũng
A419: 190449 | B419: 161474 | C419: IT4593 | D419: Nhập môn kỹ thuật truyền thông | E419: *Việt Nhật K68 + Việt Pháp K69-3 | F419: Nhóm 1 | G419: VN_ICT | H419: T22 | I419: Thứ năm | J419: 46058 | K419: Kíp 4,5 | L419: 60 | M419: Phòng máy TTMT | N419: 190449 | P419: Trịnh Văn Chiến | Q419: 670 | R419: 60 | S419: AB | T419: 674 | U419: Elitech | V419: TCNTT | W419: Trường Công nghệ thông tin và Truyền thông | X419: 190449 | Y419: D3-101 | Z419: 68 | AA419: Trịnh Văn Chiến | AB419: Thi trên máy tính | AC419: X | AD419: Trịnh Văn Chiến
A420: 190450 | B420: 161474 | C420: IT4593 | D420: Nhập môn kỹ thuật truyền thông | E420: *Việt Nhật K68 + Việt Pháp K69-3 | F420: Nhóm 2 | G420: VN_ICT | H420: T22 | I420: Thứ năm | J420: 46058 | K420: Kíp 4,5 | L420: 60 | M420: Phòng máy TTMT | N420: 190450 | P420: Trịnh Văn Chiến | Q420: 670 | R420: 60 | S420: AB | T420: 674 | U420: Elitech | V420: TCNTT | W420: Trường Công nghệ thông tin và Truyền thông | X420: 190450 | Y420: D3-101 | Z420: 68 | AA420: Trịnh Văn Chiến | AB420: Thi trên máy tính | AC420: X | AD420: Trịnh Văn Chiến
A421: Trường Công nghệ thông tin và Truyền thông | B421: 161538 | C421: IT3011 | D421: Cấu trúc dữ liệu và thuật toán | E421: **Tài năng Cơ điện tử-K68C | F421: TC | G421: AB | H421: T22 | I421: Thứ tư | J421: 46057 | K421: Kíp 4 | L421: 39 | M421: Phòng máy_Trung tâm máy tính | N421: 190073 | O421: giữ nguyên
A422: Trường Công nghệ thông tin và Truyền thông | B422: 162409 | C422: IT3011 | D422: Cấu trúc dữ liệu và thuật toán | E422: (Blend)-Cơ điện tử-K68C | F422: Nhóm 2 | G422: AB | H422: T22 | I422: Thứ tư | J422: 46057 | K422: Kíp 3 | L422: 62 | M422: Phòng máy_Trung tâm máy tính | N422: 190074
A423: Trường Công nghệ thông tin và Truyền thông | B423: 162409 | C423: IT3011 | D423: Cấu trúc dữ liệu và thuật toán | E423: (Blend)-Cơ điện tử-K68C | F423: Nhóm 1 | G423: AB | H423: T22 | I423: Thứ tư | J423: 46057 | K423: Kíp 3 | L423: 62 | M423: Phòng máy_Trung tâm máy tính | N423: 190075
A424: Trường Công nghệ thông tin và Truyền thông | B424: 162410 | C424: IT3011 | D424: Cấu trúc dữ liệu và thuật toán | E424: Cơ điện tử-K68C | F424: Nhóm 1 | G424: AB | H424: T22 | I424: Thứ tư | J424: 46057 | K424: Kíp 3 | L424: 62 | M424: Phòng máy_Trung tâm máy tính | N424: 190076
A425: Trường Công nghệ thông tin và Truyền thông | B425: 162410 | C425: IT3011 | D425: Cấu trúc dữ liệu và thuật toán | E425: Cơ điện tử-K68C | F425: Nhóm 2 | G425: AB | H425: T22 | I425: Thứ tư | J425: 46057 | K425: Kíp 3 | L425: 62 | M425: Phòng máy_Trung tâm máy tính | N425: 190077
A426: Trường Công nghệ thông tin và Truyền thông | B426: 161737 | C426: IT3011E | D426: Cấu trúc dữ liệu và thuật toán | E426: **CTTT-Cơ điện tử-K68S | F426: TC | G426: AB | H426: T22 | I426: Thứ tư | J426: 46057 | K426: Kíp 3 | L426: 45 | M426: Phòng máy_Trung tâm máy tính | N426: 190085
A427: Trường Công nghệ thông tin và Truyền thông | B427: 161738 | C427: IT3011E | D427: Cấu trúc dữ liệu và thuật toán | E427: **CTTT-Cơ điện tử-K68S | F427: TC | G427: AB | H427: T22 | I427: Thứ tư | J427: 46057 | K427: Kíp 3 | L427: 58 | M427: Phòng máy_Trung tâm máy tính | N427: 190086
A428: Trường Công nghệ thông tin và Truyền thông | B428: 161113 | C428: IT3011Q | D428: Cấu trúc dữ liệu và thuật toán | E428: [SIE]-ME-LUH-K68S | F428: TC | G428: AB | H428: T22 | I428: Thứ tư | J428: 46057 | K428: Kíp 3 | L428: 40 | M428: Phòng máy_Trung tâm máy tính | N428: 190087

Sheet VN_ICT_24.12
A1: Mã lớp thi | B1: Mã lớp QT | C1: primaryclassid | D1: Mã HP | E1: Tên học phần | F1: Ghi chú | G1: studyGroupID | H1: Nhóm | I1: Tuần | J1: Thứ | K1: Ngày | L1: Kíp thi | M1: Phòng | N1: sessionid | O1: SLĐK | P1: Đợt mở | Q1: ManagerID | R1: Mã_QL | S1: TeachUnitID | T1: Name | U1: Mã lớp thi | V1: Phòng học | W1: Khóa
A2: 190467 | B2: 161250 | C2: 161250 | D2: IT4651 | E2: Thiết kế và triển khai mạng IP | F2: *Việt Nhật K67C | G2: 130 | H2: Nhóm 1 | I2: T21 | J2: Thứ sáu | K2: 46052 | L2: Kíp 4 | M2: Phòng máy TTMT | N2: 670 | O2: 43 | P2: AB | Q2: 674 | R2: Elitech | S2: TCNTT | T2: Trường Công nghệ thông tin và Truyền thông | U2: 190467 | V2: D9-501 | W2: 67 | X2: =VLOOKUP(C2,VN_ICT!B:W,22,TRUE) -> Phạm Huy Hoàng
A3: 190468 | B3: 161250 | C3: 161250 | D3: IT4651 | E3: Thiết kế và triển khai mạng IP | F3: *Việt Nhật K67C | G3: 131 | H3: Nhóm 2 | I3: T21 | J3: Thứ sáu | K3: 46052 | L3: Kíp 4 | M3: Phòng máy TTMT | N3: 670 | O3: 42 | P3: AB | Q3: 674 | R3: Elitech | S3: TCNTT | T3: Trường Công nghệ thông tin và Truyền thông | U3: 190468 | V3: D9-501 | W3: 67 | X3: =VLOOKUP(C3,VN_ICT!B:W,22,TRUE) -> Phạm Huy Hoàng
A4: 190489 | B4: 161251 | C4: 161251 | D4: IT4785 | E4: Phát triển ứng dụng cho thiết bị di động | F4: *Việt Nhật K67-1C | G4: 131 | H4: Nhóm 2 | I4: T22 | J4: Thứ hai | K4: 46055 | L4: Kíp 3,5 | M4: Phòng máy TTMT | N4: 670 | O4: 51 | P4: AB | Q4: 674 | R4: Elitech | S4: TCNTT | T4: Trường Công nghệ thông tin và Truyền thông | U4: 190489 | V4: D9-501 | W4: 67 | X4: =VLOOKUP(C4,VN_ICT!B:W,22,TRUE) -> Lê Bá Vui
A5: 190490 | B5: 161251 | C5: 161251 | D5: IT4785 | E5: Phát triển ứng dụng cho thiết bị di động | F5: *Việt Nhật K67-1C | G5: 132 | H5: Nhóm 3 | I5: T22 | J5: Thứ hai | K5: 46055 | L5: Kíp 3,5 | M5: Phòng máy TTMT | N5: 670 | O5: 51 | P5: AB | Q5: 674 | R5: Elitech | S5: TCNTT | T5: Trường Công nghệ thông tin và Truyền thông | U5: 190490 | V5: D9-501 | W5: 67 | X5: =VLOOKUP(C5,VN_ICT!B:W,22,TRUE) -> Lê Bá Vui
A6: 190491 | B6: 161251 | C6: 161251 | D6: IT4785 | E6: Phát triển ứng dụng cho thiết bị di động | F6: *Việt Nhật K67-1C | G6: 130 | H6: Nhóm 1 | I6: T22 | J6: Thứ hai | K6: 46055 | L6: Kíp 3,5 | M6: Phòng máy TTMT | N6: 670 | O6: 52 | P6: AB | Q6: 674 | R6: Elitech | S6: TCNTT | T6: Trường Công nghệ thông tin và Truyền thông | U6: 190491 | V6: D9-501 | W6: 67 | X6: =VLOOKUP(C6,VN_ICT!B:W,22,TRUE) -> Lê Bá Vui
A7: 190493 | B7: 161252 | C7: 161252 | D7: IT4785 | E7: Phát triển ứng dụng cho thiết bị di động | F7: *Việt Nhật K67-2C | G7: 130 | H7: Nhóm 1 | I7: T22 | J7: Thứ hai | K7: 46055 | L7: Kíp 3,5 | M7: Phòng máy TTMT | N7: 670 | O7: 47 | P7: AB | Q7: 674 | R7: Elitech | S7: TCNTT | T7: Trường Công nghệ thông tin và Truyền thông | U7: 190493 | V7: D9-501 | W7: 67 | X7: =VLOOKUP(C7,VN_ICT!B:W,22,TRUE) -> Nguyễn Đình Thuận
A8: 190492 | B8: 161252 | C8: 161252 | D8: IT4785 | E8: Phát triển ứng dụng cho thiết bị di động | F8: *Việt Nhật K67-2C | G8: 131 | H8: Nhóm 2 | I8: T22 | J8: Thứ hai | K8: 46055 | L8: Kíp 3,5 | M8: Phòng máy TTMT | N8: 670 | O8: 47 | P8: AB | Q8: 674 | R8: Elitech | S8: TCNTT | T8: Trường Công nghệ thông tin và Truyền thông | U8: 190492 | V8: D9-501 | W8: 67 | X8: =VLOOKUP(C8,VN_ICT!B:W,22,TRUE) -> Nguyễn Đình Thuận
A9: 190494 | B9: 161252 | C9: 161252 | D9: IT4785 | E9: Phát triển ứng dụng cho thiết bị di động | F9: *Việt Nhật K67-2C | G9: 132 | H9: Nhóm 3 | I9: T22 | J9: Thứ hai | K9: 46055 | L9: Kíp 3,5 | M9: Phòng máy TTMT | N9: 670 | O9: 47 | P9: AB | Q9: 674 | R9: Elitech | S9: TCNTT | T9: Trường Công nghệ thông tin và Truyền thông | U9: 190494 | V9: D9-501 | W9: 67 | X9: =VLOOKUP(C9,VN_ICT!B:W,22,TRUE) -> Nguyễn Đình Thuận
A10: 190235 | B10: 161253 | C10: 161253 | D10: IT3190 | E10: Nhập môn Học máy và khai phá dữ liệu | F10: *Việt Nhật K67-1C | G10: 130 | H10: Nhóm 1 | I10: T21 | J10: Thứ hai | K10: 46048 | L10: Kíp 3,4 | M10: Phòng máy TTMT | N10: 670 | O10: 60 | P10: AB | Q10: 674 | R10: Elitech | S10: TCNTT | T10: Trường Công nghệ thông tin và Truyền thông | U10: 190235 | V10: D9-501 | W10: 67 | X10: =VLOOKUP(C10,VN_ICT!B:W,22,TRUE) -> Nguyễn Thị Kim Anh
A11: 190234 | B11: 161253 | C11: 161253 | D11: IT3190 | E11: Nhập môn Học máy và khai phá dữ liệu | F11: *Việt Nhật K67-1C | G11: 131 | H11: Nhóm 2 | I11: T21 | J11: Thứ hai | K11: 46048 | L11: Kíp 3,4 | M11: Phòng máy TTMT | N11: 670 | O11: 60 | P11: AB | Q11: 674 | R11: Elitech | S11: TCNTT | T11: Trường Công nghệ thông tin và Truyền thông | U11: 190234 | V11: D9-501 | W11: 67 | X11: =VLOOKUP(C11,VN_ICT!B:W,22,TRUE) -> Nguyễn Thị Kim Anh
A12: 190237 | B12: 161254 | C12: 161254 | D12: IT3190 | E12: Nhập môn Học máy và khai phá dữ liệu | F12: *Việt Nhật K67-2C | G12: 131 | H12: Nhóm 2 | I12: T21 | J12: Thứ hai | K12: 46048 | L12: Kíp 3,4 | M12: Phòng máy TTMT | N12: 670 | O12: 65 | P12: AB | Q12: 674 | R12: Elitech | S12: TCNTT | T12: Trường Công nghệ thông tin và Truyền thông | U12: 190237 | V12: D9-501 | W12: 67 | X12: =VLOOKUP(C12,VN_ICT!B:W,22,TRUE) -> Đỗ Tiến Dũng
A13: 190236 | B13: 161254 | C13: 161254 | D13: IT3190 | E13: Nhập môn Học máy và khai phá dữ liệu | F13: *Việt Nhật K67-2C | G13: 130 | H13: Nhóm 1 | I13: T21 | J13: Thứ hai | K13: 46048 | L13: Kíp 3,4 | M13: Phòng máy TTMT | N13: 670 | O13: 66 | P13: AB | Q13: 674 | R13: Elitech | S13: TCNTT | T13: Trường Công nghệ thông tin và Truyền thông | U13: 190236 | V13: D9-501 | W13: 67 | X13: =VLOOKUP(C13,VN_ICT!B:W,22,TRUE) -> Đỗ Tiến Dũng
... A19: 190412 | B19: 161257 | C19: 161257 | D19: IT4409 | E19: Công nghệ Web và dịch vụ trực tuyến | F19: *Việt Nhật K67 -3C | G19: 130 | H19: Nhóm 1 | I19: T20 | J19: Thứ hai | K19: 46041 | L19: Kíp 1,2 | M19: Phòng máy TTMT | N19: 670 | O19: 64 | P19: AB | Q19: 674 | R19: Elitech | S19: TCNTT | T19: Trường Công nghệ thông tin và Truyền thông | U19: 190412 | V19: D9-401 | W19: 67 | X19: =VLOOKUP(C19,VN_ICT!B:W,22,TRUE) -> Trịnh Tuấn Đạt
A20: 190345 | B20: 161258 | C20: 161258 | D20: IT4062 | E20: Thực hành Lập trình mạng | F20: *Việt Nhật K67-1S | G20: 365 | H20: TC | I20: Theo lịch của giáo viên | N20: 670 | O20: 39 | P20: AB | Q20: 674 | R20: Elitech | S20: TCNTT | T20: Trường Công nghệ thông tin và Truyền thông | U20: 190345 | V20: B1-204 | W20: 67 | X20: =VLOOKUP(C20,VN_ICT!B:W,22,TRUE) -> Bùi Trọng Tùng
A21: 190346 | B21: 161259 | C21: 161259 | D21: IT4062 | E21: Thực hành Lập trình mạng | F21: *Việt Nhật K67-2C | G21: 365 | H21: TC | I21: Theo lịch của giáo viên | N21: 670 | O21: 40 | P21: AB | Q21: 674 | R21: Elitech | S21: TCNTT | T21: Trường Công nghệ thông tin và Truyền thông | U21: 190346 | V21: B1-204 | W21: 67 | X21: =VLOOKUP(C21,VN_ICT!B:W,22,TRUE) -> Trương Thị Diệu Linh
A22: 190347 | B22: 161260 | C22: 161260 | D22: IT4062 | E22: Thực hành Lập trình mạng | F22: *Việt Nhật K67-3C | G22: 365 | H22: TC | I22: Theo lịch của giáo viên | N22: 670 | O22: 39 | P22: AB | Q22: 674 | R22: Elitech | S22: TCNTT | T22: Trường Công nghệ thông tin và Truyền thông | U22: 190347 | V22: B1-206 | W22: 67 | X22: =VLOOKUP(C22,VN_ICT!B:W,22,TRUE) -> Lã Thế Vinh
A23: 190348 | B23: 161261 | C23: 161261 | D23: IT4062 | E23: Thực hành Lập trình mạng | F23: *Việt Nhật K67-4S | G23: 365 | H23: TC | I23: Theo lịch của giáo viên | N23: 670 | O23: 40 | P23: AB | Q23: 674 | R23: Elitech | S23: TCNTT | T23: Trường Công nghệ thông tin và Truyền thông | U23: 190348 | V23: B1-204 | W23: 67 | X23: =VLOOKUP(C23,VN_ICT!B:W,22,TRUE) -> Đặng Tuấn Linh (0.5) - Trần Nguyên Ngọc (0.5)
A24: 190349 | B24: 161262 | C24: 161262 | D24: IT4062 | E24: Thực hành Lập trình mạng | F24: *Việt Nhật K67-5S | G24: 365 | H24: TC | I24: Theo lịch của giáo viên | N24: 670 | O24: 40 | P24: AB | Q24: 674 | R24: Elitech | S24: TCNTT | T24: Trường Công nghệ thông tin và Truyền thông | U24: 190349 | V24: B1-204 | W24: 67 | X24: =VLOOKUP(C24,VN_ICT!B:W,22,TRUE) -> Trương Thị Diệu Linh
A25: 190350 | B25: 161263 | C25: 161263 | D25: IT4062 | E25: Thực hành Lập trình mạng | F25: *Việt Nhật K67-6S | G25: 365 | H25: TC | I25: Theo lịch của giáo viên | N25: 670 | O25: 38 | P25: AB | Q25: 674 | R25: Elitech | S25: TCNTT | T25: Trường Công nghệ thông tin và Truyền thông | U25: 190350 | V25: B1-204 | W25: 67 | X25: =VLOOKUP(C25,VN_ICT!B:W,22,TRUE) -> Bùi Trọng Tùng
A26: 190351 | B26: 161264 | C26: 161264 | D26: IT4062 | E26: Thực hành Lập trình mạng | F26: *Việt Nhật K67-7S | G26: 365 | H26: TC | I26: Theo lịch của giáo viên | N26: 670 | O26: 38 | P26: AB | Q26: 674 | R26: Elitech | S26: TCNTT | T26: Trường Công nghệ thông tin và Truyền thông | U26: 190351 | V26: B1-206 | W26: 67 | X26: =VLOOKUP(C26,VN_ICT!B:W,22,TRUE) -> Trần Hải Anh
A27: 190352 | B27: 161265 | C27: 161265 | D27: IT4062 | E27: Thực hành Lập trình mạng | F27: *Việt Nhật K67-8S | G27: 365 | H27: TC | I27: Theo lịch của giáo viên | N27: 670 | O27: 40 | P27: AB | Q27: 674 | R27: Elitech | S27: TCNTT | T27: Trường Công nghệ thông tin và Truyền thông | U27: 190352 | V27: B1-204 | W27: 67 | X27: =VLOOKUP(C27,VN_ICT!B:W,22,TRUE) -> Trần Nguyên Ngọc
A28: 190353 | B28: 161266 | C28: 161266 | D28: IT4062 | E28: Thực hành Lập trình mạng | F28: *Việt Nhật K67-9S | G28: 365 | H28: TC | I28: Theo lịch của giáo viên | N28: 670 | O28: 40 | P28: AB | Q28: 674 | R28: Elitech | S28: TCNTT | T28: Trường Công nghệ thông tin và Truyền thông | U28: 190353 | V28: B1-204 | W28: 67 | X28: =VLOOKUP(C28,VN_ICT!B:W,22,TRUE) -> Đặng Tuấn Linh
A29: 190275 | B29: 161268 | C29: 161267 | D29: IT3323 | E29: Xây dựng chương trình dịch | F29: *Việt Nhật K67-1(BT)C | G29: 365 | H29: TC | I29: T22 | J29: Thứ ba | K29: 46056 | L29: Kíp 2 | M29: Phòng máy TTMT | N29: 670 | O29: 40 | P29: AB | Q29: 674 | R29: Elitech | S29: TCNTT | T29: Trường Công nghệ thông tin và Truyền thông | U29: 190275 | V29: B1-208 | W29: 67 | X29: =VLOOKUP(C29,VN_ICT!B:W,22,TRUE) -> Nguyễn Thị Thu Hương
A30: 190276 | B30: 161269 | C30: 161267 | D30: IT3323 | E30: Xây dựng chương trình dịch | F30: *Việt Nhật K67-2(BT)S | G30: 365 | H30: TC | I30: T22 | J30: Thứ ba | K30: 46056 | L30: Kíp 2 | M30: Phòng máy TTMT | N30: 670 | O30: 40 | P30: AB | Q30: 674 | R30: Elitech | S30: TCNTT | T30: Trường Công nghệ thông tin và Truyền thông | U30: 190276 | V30: B1-209 | W30: 67 | X30: =VLOOKUP(C30,VN_ICT!B:W,22,TRUE) -> Nguyễn Thị Thu Hương
A31: 190277 | B31: 161270 | C31: 161267 | D31: IT3323 | E31: Xây dựng chương trình dịch | F31: *Việt Nhật K67-3(BT)S | G31: 365 | H31: TC | I31: T22 | J31: Thứ ba | K31: 46056 | L31: Kíp 2 | M31: Phòng máy TTMT | N31: 670 | O31: 40 | P31: AB | Q31: 674 | R31: Elitech | S31: TCNTT | T31: Trường Công nghệ thông tin và Truyền thông | U31: 190277 | V31: B1-208 | W31: 67 | X31: =VLOOKUP(C31,VN_ICT!B:W,22,TRUE) -> Nguyễn Thị Thu Hương
A32: 190278 | B32: 161272 | C32: 161267 | D32: IT3323 | E32: Xây dựng chương trình dịch | F32: *Việt Nhật K67-4(BT)S | G32: 365 | H32: TC | I32: T22 | J32: Thứ ba | K32: 46056 | L32: Kíp 2 | M32: Phòng máy TTMT | N32: 670 | O32: 40 | P32: AB | Q32: 674 | R32: Elitech | S32: TCNTT | T32: Trường Công nghệ thông tin và Truyền thông | U32: 190278 | V32: B1-209 | W32: 67 | X32: =VLOOKUP(C32,VN_ICT!B:W,22,TRUE) -> Nguyễn Thị Thu Hương
A33: 190279 | B33: 161273 | C33: 161271 | D33: IT3323 | E33: Xây dựng chương trình dịch | F33: *Việt Nhật K67-5(BT)S | G33: 365 | H33: TC | I33: T22 | J33: Thứ ba | K33: 46056 | L33: Kíp 2 | M33: Phòng máy TTMT | N33: 670 | O33: 41 | P33: AB | Q33: 674 | R33: Elitech | S33: TCNTT | T33: Trường Công nghệ thông tin và Truyền thông | U33: 190279 | V33: B1-208 | W33: 67 | X33: =VLOOKUP(C33,VN_ICT!B:W,22,TRUE) -> Dương Quang Huy
A34: 190280 | B34: 161274 | C34: 161271 | D34: IT3323 | E34: Xây dựng chương trình dịch | F34: *Việt Nhật K67-6(BT)S | G34: 365 | H34: TC | I34: T22 | J34: Thứ ba | K34: 46056 | L34: Kíp 2 | M34: Phòng máy TTMT | N34: 670 | O34: 40 | P34: AB | Q34: 674 | R34: Elitech | S34: TCNTT | T34: Trường Công nghệ thông tin và Truyền thông | U34: 190280 | V34: B1-202 | W34: 67 | X34: =VLOOKUP(C34,VN_ICT!B:W,22,TRUE) -> Dương Quang Huy
A35: 190281 | B35: 161276 | C35: 161271 | D35: IT3323 | E35: Xây dựng chương trình dịch | F35: *Việt Nhật K67-7(BT)S | G35: 365 | H35: TC | I35: T22 | J35: Thứ ba | K35: 46056 | L35: Kíp 2 | M35: Phòng máy TTMT | N35: 670 | O35: 31 | P35: AB | Q35: 674 | R35: Elitech | S35: TCNTT | T35: Trường Công nghệ thông tin và Truyền thông | U35: 190281 | V35: B1-202 | W35: 67 | X35: =VLOOKUP(C35,VN_ICT!B:W,22,TRUE) -> Dương Quang Huy
A36: 190282 | B36: 161277 | C36: 161271 | D36: IT3323 | E36: Xây dựng chương trình dịch | F36: *Việt Nhật K67-8(BT)S | G36: 365 | H36: TC | I36: T22 | J36: Thứ ba | K36: 46056 | L36: Kíp 2 | M36: Phòng máy TTMT | N36: 670 | O36: 21 | P36: AB | Q36: 674 | R36: Elitech | S36: TCNTT | T36: Trường Công nghệ thông tin và Truyền thông | U36: 190282 | V36: B1-209 | W36: 67 | X36: =VLOOKUP(C36,VN_ICT!B:W,22,TRUE) -> Dương Quang Huy
A37: 190283 | B37: 161278 | C37: 161271 | D37: IT3323 | E37: Xây dựng chương trình dịch | F37: *Việt Nhật K67-9(BT)S | G37: 365 | H37: TC | I37: T22 | J37: Thứ ba | K37: 46056 | L37: Kíp 2 | M37: Phòng máy TTMT | N37: 670 | O37: 41 | P37: AB | Q37: 674 | R37: Elitech | S37: TCNTT | T37: Trường Công nghệ thông tin và Truyền thông | U37: 190283 | V37: B1-202 | W37: 67 | X37: =VLOOKUP(C37,VN_ICT!B:W,22,TRUE) -> Dương Quang Huy
A38: 190284 | B38: 161279 | C38: 161279 | D38: IT3362 | E38: Kỹ năng ITSS học bằng tiếng Nhật 1 | F38: *Việt Nhật K67-1S | G38: 365 | H38: TC | I38: Theo lịch của giáo viên | N38: 670 | O38: 40 | P38: AB | Q38: 674 | R38: Elitech | S38: TCNTT | T38: Trường Công nghệ thông tin và Truyền thông | U38: 190284 | V38: B1-203 | W38: 67 | X38: =VLOOKUP(C38,VN_ICT!B:W,22,TRUE) -> Kiyoshi Yorifuji
A39: 190285 | B39: 161280 | C39: 161280 | D39: IT3362 | E39: Kỹ năng ITSS học bằng tiếng Nhật 1 | F39: *Việt Nhật K67-2C | G39: 365 | H39: TC | I39: Theo lịch của giáo viên | N39: 670 | O39: 40 | P39: AB | Q39: 674 | R39: Elitech | S39: TCNTT | T39: Trường Công nghệ thông tin và Truyền thông | U39: 190285 | V39: B1-203 | W39: 67 | X39: =VLOOKUP(C39,VN_ICT!B:W,22,TRUE) -> Kiyoshi Yorifuji
A40: 190286 | B40: 161281 | C40: 161281 | D40: IT3362 | E40: Kỹ năng ITSS học bằng tiếng Nhật 1 | F40: *Việt Nhật K67-3S | G40: 365 | H40: TC | I40: Theo lịch của giáo viên | N40: 670 | O40: 40 | P40: AB | Q40: 674 | R40: Elitech | S40: TCNTT | T40: Trường Công nghệ thông tin và Truyền thông | U40: 190286 | V40: B1-203 | W40: 67 | X40: =VLOOKUP(C40,VN_ICT!B:W,22,TRUE) -> Kiyoshi Yorifuji
A41: 190287 | B41: 161282 | C41: 161282 | D41: IT3362 | E41: Kỹ năng ITSS học bằng tiếng Nhật 1 | F41: *Việt Nhật K67-4S | G41: 365 | H41: TC | I41: Theo lịch của giáo viên | N41: 670 | O41: 39 | P41: AB | Q41: 674 | R41: Elitech | S41: TCNTT | T41: Trường Công nghệ thông tin và Truyền thông | U41: 190287 | V41: B1-203 | W41: 67 | X41: =VLOOKUP(C41,VN_ICT!B:W,22,TRUE) -> Kimura Ryo
A42: 190288 | B42: 161283 | C42: 161283 | D42: IT3362 | E42: Kỹ năng ITSS học bằng tiếng Nhật 1 | F42: *Việt Nhật K67-5C | G42: 365 | H42: TC | I42: Theo lịch của giáo viên | N42: 670 | O42: 40 | P42: AB | Q42: 674 | R42: Elitech | S42: TCNTT | T42: Trường Công nghệ thông tin và Truyền thông | U42: 190288 | V42: B1-203 | W42: 67 | X42: =VLOOKUP(C42,VN_ICT!B:W,22,TRUE) -> Kiyoshi Yorifuji
A43: 190289 | B43: 161284 | C43: 161284 | D43: IT3362 | E43: Kỹ năng ITSS học bằng tiếng Nhật 1 | F43: *Việt Nhật K67-6C | G43: 365 | H43: TC | I43: Theo lịch của giáo viên | N43: 670 | O43: 34 | P43: AB | Q43: 674 | R43: Elitech | S43: TCNTT | T43: Trường Công nghệ thông tin và Truyền thông | U43: 190289 | V43: B1-203 | W43: 67 | X43: =VLOOKUP(C43,VN_ICT!B:W,22,TRUE) -> Kimura Ryo
A44: 190290 | B44: 161285 | C44: 161285 | D44: IT3362 | E44: Kỹ năng ITSS học bằng tiếng Nhật 1 | F44: *Việt Nhật K67-7C | G44: 365 | H44: TC | I44: Theo lịch của giáo viên | N44: 670 | O44: 40 | P44: AB | Q44: 674 | R44: Elitech | S44: TCNTT | T44: Trường Công nghệ thông tin và Truyền thông | U44: 190290 | V44: B1-204 | W44: 67 | X44: =VLOOKUP(C44,VN_ICT!B:W,22,TRUE) -> Kimura Ryo
A45: 190291 | B45: 161286 | C45: 161286 | D45: IT3362 | E45: Kỹ năng ITSS học bằng tiếng Nhật 1 | F45: *Việt Nhật K67-8C | G45: 365 | H45: TC | I45: Theo lịch của giáo viên | N45: 670 | O45: 40 | P45: AB | Q45: 674 | R45: Elitech | S45: TCNTT | T45: Trường Công nghệ thông tin và Truyền thông | U45: 190291 | V45: B1-203 | W45: 67 | X45: =VLOOKUP(C45,VN_ICT!B:W,22,TRUE) -> Kiyoshi Yorifuji
A46: 190292 | B46: 161287 | C46: 161287 | D46: IT3362 | E46: Kỹ năng ITSS học bằng tiếng Nhật 1 | F46: *Việt Nhật K67-9S | G46: 365 | H46: TC | I46: Theo lịch của giáo viên | N46: 670 | O46: 41 | P46: AB | Q46: 674 | R46: Elitech | S46: TCNTT | T46: Trường Công nghệ thông tin và Truyền thông | U46: 190292 | V46: B1-203 | W46: 67 | X46: =VLOOKUP(C46,VN_ICT!B:W,22,TRUE) -> Kiyoshi Yorifuji
A47: 190628 | B47: 161288 | C47: 161288 | D47: JP2210 | E47: Tiếng Nhật 7 | F47: *Việt Nhật K67-1S | G47: 365 | H47: TC | I47: T20 | J47: Thứ năm | K47: 46044 | L47: Kíp 2 | M47: D9-402 | N47: 670 | O47: 27 | P47: AB | Q47: 674 | R47: Elitech | S47: TCNTT | T47: Trường Công nghệ thông tin và Truyền thông | U47: 190628 | V47: D9-402, D9-402 | W47: 67 | X47: =VLOOKUP(C47,VN_ICT!B:W,22,TRUE) -> Phạm Quỳnh Liên
A48: 190629 | B48: 161289 | C48: 161289 | D48: JP2210 | E48: Tiếng Nhật 7 | F48: *Việt Nhật K67-2S | G48: 365 | H48: TC | I48: T20 | J48: Thứ năm | K48: 46044 | L48: Kíp 2 | M48: D9-403 | N48: 670 | O48: 27 | P48: AB | Q48: 674 | R48: Elitech | S48: TCNTT | T48: Trường Công nghệ thông tin và Truyền thông | U48: 190629 | V48: D9-403, D9-403 | W48: 67 | X48: =VLOOKUP(C48,VN_ICT!B:W,22,TRUE) -> Nguyễn Linh Chi
A49: 190630 | B49: 161290 | C49: 161290 | D49: JP2210 | E49: Tiếng Nhật 7 | F49: *Việt Nhật K67-3S | G49: 365 | H49: TC | I49: T20 | J49: Thứ năm | K49: 46044 | L49: Kíp 2 | M49: D9-404 | N49: 670 | O49: 27 | P49: AB | Q49: 674 | R49: Elitech | S49: TCNTT | T49: Trường Công nghệ thông tin và Truyền thông | U49: 190630 | V49: D9-404, D9-404 | W49: 67 | X49: =VLOOKUP(C49,VN_ICT!B:W,22,TRUE) -> Nguyễn Thị Thanh Nhàn
A50: 190631 | B50: 161291 | C50: 161291 | D50: JP2210 | E50: Tiếng Nhật 7 | F50: *Việt Nhật K67-4S | G50: 365 | H50: TC | I50: T20 | J50: Thứ năm | K50: 46044 | L50: Kíp 2 | M50: D9-405 | N50: 670 | O50: 26 | P50: AB | Q50: 674 | R50: Elitech | S50: TCNTT | T50: Trường Công nghệ thông tin và Truyền thông | U50: 190631 | V50: C7-114, C7-114 | W50: 67 | X50: =VLOOKUP(C50,VN_ICT!B:W,22,TRUE) -> Khổng Thị Sáng
A51: 190632 | B51: 161292 | C51: 161292 | D51: JP2210 | E51: Tiếng Nhật 7 | F51: *Việt Nhật K67-5S | G51: 365 | H51: TC | I51: T20 | J51: Thứ năm | K51: 46044 | L51: Kíp 2 | M51: D9-406 | N51: 670 | O51: 20 | P51: AB | Q51: 674 | R51: Elitech | S51: TCNTT | T51: Trường Công nghệ thông tin và Truyền thông | U51: 190632 | V51: C7-217, C7-217 | W51: 67 | X51: =VLOOKUP(C51,VN_ICT!B:W,22,TRUE) -> Vũ Thị Vân Anh
A52: 190633 | B52: 161293 | C52: 161293 | D52: JP2210 | E52: Tiếng Nhật 7 | F52: *Việt Nhật K67-6S | G52: 365 | H52: TC | I52: T20 | J52: Thứ năm | K52: 46044 | L52: Kíp 2 | M52: D9-407 | N52: 670 | O52: 26 | P52: AB | Q52: 674 | R52: Elitech | S52: TCNTT | T52: Trường Công nghệ thông tin và Truyền thông | U52: 190633 | V52: C7-219, C7-219 | W52: 67 | X52: =VLOOKUP(C52,VN_ICT!B:W,22,TRUE) -> Sato Yushi
A53: 190634 | B53: 161294 | C53: 161294 | D53: JP2210 | E53: Tiếng Nhật 7 | F53: *Việt Nhật K67-7S | G53: 365 | H53: TC | I53: T20 | J53: Thứ năm | K53: 46044 | L53: Kíp 2 | M53: D9-502 | N53: 670 | O53: 28 | P53: AB | Q53: 674 | R53: Elitech | S53: TCNTT | T53: Trường Công nghệ thông tin và Truyền thông | U53: 190634 | V53: D9-402, D9-402 | W53: 67 | X53: =VLOOKUP(C53,VN_ICT!B:W,22,TRUE) -> Phạm Quỳnh Liên
A54: 190635 | B54: 161295 | C54: 161295 | D54: JP2210 | E54: Tiếng Nhật 7 | F54: *Việt Nhật K67-8S | G54: 365 | H54: TC | I54: T20 | J54: Thứ năm | K54: 46044 | L54: Kíp 2 | M54: D9-503 | N54: 670 | O54: 29 | P54: AB | Q54: 674 | R54: Elitech | S54: TCNTT | T54: Trường Công nghệ thông tin và Truyền thông | U54: 190635 | V54: D9-403, D9-403 | W54: 67 | X54: =VLOOKUP(C54,VN_ICT!B:W,22,TRUE) -> Nguyễn Linh Chi
A55: 190636 | B55: 161296 | C55: 161296 | D55: JP2210 | E55: Tiếng Nhật 7 | F55: *Việt Nhật K67-9S | G55: 365 | H55: TC | I55: T20 | J55: Thứ năm | K55: 46044 | L55: Kíp 2 | M55: D9-504 | N55: 670 | O55: 29 | P55: AB | Q55: 674 | R55: Elitech | S55: TCNTT | T55: Trường Công nghệ thông tin và Truyền thông | U55: 190636 | V55: D9-404, D9-404 | W55: 67 | X55: =VLOOKUP(C55,VN_ICT!B:W,22,TRUE) -> Nguyễn Thị Thanh Nhàn
A56: 190637 | B56: 161297 | C56: 161297 | D56: JP2210 | E56: Tiếng Nhật 7 | F56: *Việt Nhật K67-10S | G56: 365 | H56: TC | I56: T20 | J56: Thứ năm | K56: 46044 | L56: Kíp 2 | M56: D9-505 | N56: 670 | O56: 29 | P56: AB | Q56: 674 | R56: Elitech | S56: TCNTT | T56: Trường Công nghệ thông tin và Truyền thông | U56: 190637 | V56: C7-114, C7-114 | W56: 67 | X56: =VLOOKUP(C56,VN_ICT!B:W,22,TRUE) -> Nguyễn Hồng Diễm
A57: 190638 | B57: 161298 | C57: 161298 | D57: JP2210 | E57: Tiếng Nhật 7 | F57: *Việt Nhật K67-11S | G57: 365 | H57: TC | I57: T20 | J57: Thứ năm | K57: 46044 | L57: Kíp 2 | M57: D9-506 | N57: 670 | O57: 29 | P57: AB | Q57: 674 | R57: Elitech | S57: TCNTT | T57: Trường Công nghệ thông tin và Truyền thông | U57: 190638 | V57: C7-217, C7-217 | W57: 67 | X57: =VLOOKUP(C57,VN_ICT!B:W,22,TRUE) -> Nguyễn Văn Hiển
A58: 190639 | B58: 161299 | C58: 161299 | D58: JP2210 | E58: Tiếng Nhật 7 | F58: *Việt Nhật K67-12S | G58: 365 | H58: TC | I58: T20 | J58: Thứ năm | K58: 46044 | L58: Kíp 2 | M58: D9-507 | N58: 670 | O58: 28 | P58: AB | Q58: 674 | R58: Elitech | S58: TCNTT | T58: Trường Công nghệ thông tin và Truyền thông | U58: 190639 | V58: C7-219, C7-219 | W58: 67 | X58: =VLOOKUP(C58,VN_ICT!B:W,22,TRUE) -> Nguyễn Thị Điệp
... A68: 190375 | B68: 161306 | C68: 161306 | D68: IT4142E | E68: Introduction to Data Science | F68: *ICT K67S | G68: 365 | H68: TC | I68: T21 | J68: Thứ năm | K68: 46051 | L68: Kíp 5 | M68: Phòng máy TTMT | N68: 670 | O68: 67 | P68: AB | Q68: 674 | R68: Elitech | S68: TCNTT | T68: Trường Công nghệ thông tin và Truyền thông | U68: 190375 | V68: D9-502 | W68: 67 | X68: =VLOOKUP(C68,VN_ICT!B:W,22,TRUE) -> Thân Quang Khoát
A69: 190354 | B69: 161307 | C69: 161307 | D69: IT4062E | E69: Network Programming | F69: *ICT K67-1S | G69: 365 | H69: TC | I69: Theo lịch của giáo viên | N69: 670 | O69: 40 | P69: AB | Q69: 674 | R69: Elitech | S69: TCNTT | T69: Trường Công nghệ thông tin và Truyền thông | U69: 190354 | V69: B1-209 | W69: 67 | X69: =VLOOKUP(C69,VN_ICT!B:W,22,TRUE) -> Lã Thế Vinh
A70: 190355 | B70: 161308 | C70: 161308 | D70: IT4062E | E70: Network Programming | F70: *ICT K67-2S | G70: 365 | H70: TC | I70: Theo lịch của giáo viên | N70: 670 | O70: 40 | P70: AB | Q70: 674 | R70: Elitech | S70: TCNTT | T70: Trường Công nghệ thông tin và Truyền thông | U70: 190355 | V70: B1-204 | W70: 67 | X70: =VLOOKUP(C70,VN_ICT!B:W,22,TRUE) -> Trần Nguyên Ngọc
A71: 190356 | B71: 161309 | C71: 161309 | D71: IT4062E | E71: Network Programming | F71: *ICT K67-3C | G71: 365 | H71: TC | I71: Theo lịch của giáo viên | N71: 670 | O71: 40 | P71: AB | Q71: 674 | R71: Elitech | S71: TCNTT | T71: Trường Công nghệ thông tin và Truyền thông | U71: 190356 | V71: B1-204 | W71: 67 | X71: =VLOOKUP(C71,VN_ICT!B:W,22,TRUE) -> Tống Văn Vạn
A72: 190338 | B72: 161310 | C72: 161310 | D72: IT4015E | E72: Introduction to Information Security | F72: *ICT K67S | G72: 131 | H72: Nhóm 2 | I72: T21 | J72: Thứ ba | K72: 46049 | L72: Kíp 5 | M72: Phòng máy TTMT | N72: 670 | O72: 43 | P72: AB | Q72: 674 | R72: Elitech | S72: TCNTT | T72: Trường Công nghệ thông tin và Truyền thông | U72: 190338 | V72: D9-501 | W72: 67 | X72: =VLOOKUP(C72,VN_ICT!B:W,22,TRUE) -> Nguyễn Khanh Văn
A73: 190339 | B73: 161310 | C73: 161310 | D73: IT4015E | E73: Introduction to Information Security | F73: *ICT K67S | G73: 130 | H73: Nhóm 1 | I73: T21 | J73: Thứ ba | K73: 46049 | L73: Kíp 5 | M73: Phòng máy TTMT | N73: 670 | O73: 43 | P73: AB | Q73: 674 | R73: Elitech | S73: TCNTT | T73: Trường Công nghệ thông tin và Truyền thông | U73: 190339 | V73: D9-501 | W73: 67 | X73: =VLOOKUP(C73,VN_ICT!B:W,22,TRUE) -> Nguyễn Khanh Văn
A74: 190360 | B74: 161311 | C74: 161311 | D74: IT4082 | E74: Kỹ thuật phần mềm | F74: (Blend)-*Việt Nhật K68-1S | G74: 130 | H74: Nhóm 1 | I74: T20 | J74: Thứ bảy | K74: 46046 | L74: Kíp 4 | M74: Phòng máy TTMT | N74: 670 | O74: 61 | P74: AB | Q74: 674 | R74: Elitech | S74: TCNTT | T74: Trường Công nghệ thông tin và Truyền thông | U74: 190360 | V74: D9-401 | W74: 68 | X74: =VLOOKUP(C74,VN_ICT!B:W,22,TRUE) -> Trần Nhật Hoá
A75: 190359 | B75: 161311 | C75: 161311 | D75: IT4082 | E75: Kỹ thuật phần mềm | F75: (Blend)-*Việt Nhật K68-1S | G75: 131 | H75: Nhóm 2 | I75: T20 | J75: Thứ bảy | K75: 46046 | L75: Kíp 4 | M75: Phòng máy TTMT | N75: 670 | O75: 61 | P75: AB | Q75: 674 | R75: Elitech | S75: TCNTT | T75: Trường Công nghệ thông tin và Truyền thông | U75: 190359 | V75: D9-401 | W75: 68 | X75: =VLOOKUP(C75,VN_ICT!B:W,22,TRUE) -> Trần Nhật Hoá
A76: 190362 | B76: 161312 | C76: 161312 | D76: IT4082 | E76: Kỹ thuật phần mềm | F76: (Blend)-*Việt Nhật K68-2S | G76: 130 | H76: Nhóm 1 | I76: T20 | J76: Thứ bảy | K76: 46046 | L76: Kíp 4 | M76: Phòng máy TTMT | N76: 670 | O76: 52 | P76: AB | Q76: 674 | R76: Elitech | S76: TCNTT | T76: Trường Công nghệ thông tin và Truyền thông | U76: 190362 | V76: D9-401 | W76: 68 | X76: =VLOOKUP(C76,VN_ICT!B:W,22,TRUE) -> Nguyễn Mạnh Tuấn
A77: 190361 | B77: 161312 | C77: 161312 | D77: IT4082 | E77: Kỹ thuật phần mềm | F77: (Blend)-*Việt Nhật K68-2S | G77: 131 | H77: Nhóm 2 | I77: T20 | J77: Thứ bảy | K77: 46046 | L77: Kíp 4 | M77: Phòng máy TTMT | N77: 670 | O77: 52 | P77: AB | Q77: 674 | R77: Elitech | S77: TCNTT | T77: Trường Công nghệ thông tin và Truyền thông | U77: 190361 | V77: D9-401 | W77: 68 | X77: =VLOOKUP(C77,VN_ICT!B:W,22,TRUE) -> Nguyễn Mạnh Tuấn
A78: 190334 | B78: 161313 | C78: 161313 | D78: IT4015 | E78: Nhập môn an toàn thông tin | F78: *Việt Nhật K68-1S | G78: 131 | H78: Nhóm 2 | I78: T21 | J78: Thứ ba | K78: 46049 | L78: Kíp 5 | M78: Phòng máy TTMT | N78: 670 | O78: 65 | P78: AB | Q78: 674 | R78: Elitech | S78: TCNTT | T78: Trường Công nghệ thông tin và Truyền thông | U78: 190334 | V78: D9-401 | W78: 68 | X78: =VLOOKUP(C78,VN_ICT!B:W,22,TRUE) -> Trần Quang Đức
A79: 190335 | B79: 161313 | C79: 161313 | D79: IT4015 | E79: Nhập môn an toàn thông tin | F79: *Việt Nhật K68-1S | G79: 130 | H79: Nhóm 1 | I79: T21 | J79: Thứ ba | K79: 46049 | L79: Kíp 5 | M79: Phòng máy TTMT | N79: 670 | O79: 66 | P79: AB | Q79: 674 | R79: Elitech | S79: TCNTT | T79: Trường Công nghệ thông tin và Truyền thông | U79: 190335 | V79: D9-401 | W79: 68 | X79: =VLOOKUP(C79,VN_ICT!B:W,22,TRUE) -> Trần Quang Đức
A80: 190337 | B80: 161314 | C80: 161314 | D80: IT4015 | E80: Nhập môn an toàn thông tin | F80: *Việt Nhật K68-2S | G80: 131 | H80: Nhóm 2 | I80: T21 | J80: Thứ ba | K80: 46049 | L80: Kíp 5 | M80: Phòng máy TTMT | N80: 670 | O80: 48 | P80: AB | Q80: 674 | R80: Elitech | S80: TCNTT | T80: Trường Công nghệ thông tin và Truyền thông | U80: 190337 | V80: D9-401 | W80: 68 | X80: =VLOOKUP(C80,VN_ICT!B:W,22,TRUE) -> Nguyễn Khanh Văn
A81: 190336 | B81: 161314 | C81: 161314 | D81: IT4015 | E81: Nhập môn an toàn thông tin | F81: *Việt Nhật K68-2S | G81: 130 | H81: Nhóm 1 | I81: T21 | J81: Thứ ba | K81: 46049 | L81: Kíp 5 | M81: Phòng máy TTMT | N81: 670 | O81: 49 | P81: AB | Q81: 674 | R81: Elitech | S81: TCNTT | T81: Trường Công nghệ thông tin và Truyền thông | U81: 190336 | V81: D9-401 | W81: 68 | X81: =VLOOKUP(C81,VN_ICT!B:W,22,TRUE) -> Nguyễn Khanh Văn
A82: 190119 | B82: 161315 | C82: 161315 | D82: IT3070 | E82: Nguyên lý hệ điều hành | F82: *Việt Nhật K68-1C | G82: 130 | H82: Nhóm 1 | I82: T22 | J82: Thứ sáu | K82: 46059 | L82: Kíp 3,4 | M82: Phòng máy TTMT | N82: 670 | O82: 58 | P82: AB | Q82: 674 | R82: Elitech | S82: TCNTT | T82: Trường Công nghệ thông tin và Truyền thông | U82: 190119 | V82: D9-306 | W82: 68 | X82: =VLOOKUP(C82,VN_ICT!B:W,22,TRUE) -> Phạm Đăng Hải
A83: 190120 | B83: 161315 | C83: 161315 | D83: IT3070 | E83: Nguyên lý hệ điều hành | F83: *Việt Nhật K68-1C | G83: 131 | H83: Nhóm 2 | I83: T22 | J83: Thứ sáu | K83: 46059 | L83: Kíp 3,4 | M83: Phòng máy TTMT | N83: 670 | O83: 59 | P83: AB | Q83: 674 | R83: Elitech | S83: TCNTT | T83: Trường Công nghệ thông tin và Truyền thông | U83: 190120 | V83: D9-306 | W83: 68 | X83: =VLOOKUP(C83,VN_ICT!B:W,22,TRUE) -> Phạm Đăng Hải
... A119: 190627 | B119: 161342 | C119: 161342 | D119: JP2126 | E119: Tiếng Nhật 5 | F119: *Việt Nhật K68-10S | G119: 365 | H119: TC | I119: T20 | J119: Thứ sáu | K119: 46045 | L119: Kíp 2 | M119: D9-504 | N119: 670 | O119: 30 | P119: AB | Q119: 674 | R119: Elitech | S119: TCNTT | T119: Trường Công nghệ thông tin và Truyền thông | U119: 190627 | V119: D9-504, C7-219 | W119: 68 | X119: =VLOOKUP(C119,VN_ICT!B:W,22,TRUE) -> Nguyễn Thị Bích Diệp
A120: 187873 | B120: 161343 | C120: 161343 | D120: SSH1151 | E120: Tư tưởng Hồ Chí Minh | F120: *Việt Nhật K68-1S | G120: 131 | H120: Nhóm 2 | I120: T20 | J120: Thứ tư | K120: 46043 | L120: Kíp 1 | M120: D9-401 | N120: 670 | O120: 49 | P120: AB | Q120: 674 | R120: Elitech | S120: KML | T120: Khoa Lý luận chính trị | U120: 187873 | W120: 68 | X120: =VLOOKUP(C120,VN_ICT!B:W,22,TRUE) -> 0
A121: 187871 | B121: 161343 | C121: 161343 | D121: SSH1151 | E121: Tư tưởng Hồ Chí Minh | F121: *Việt Nhật K68-1S | G121: 130 | H121: Nhóm 1 | I121: T20 | J121: Thứ tư | K121: 46043 | L121: Kíp 1 | M121: D9-401 | N121: 670 | O121: 50 | P121: AB | Q121: 674 | R121: Elitech | S121: KML | T121: Khoa Lý luận chính trị | U121: 187871 | W121: 68 | X121: =VLOOKUP(C121,VN_ICT!B:W,22,TRUE) -> 0
A122: 187872 | B122: 161343 | C122: 161343 | D122: SSH1151 | E122: Tư tưởng Hồ Chí Minh | F122: *Việt Nhật K68-1S | G122: 132 | H122: Nhóm 3 | I122: T20 | J122: Thứ tư | K122: 46043 | L122: Kíp 1 | M122: D9-501 | N122: 670 | O122: 49 | P122: AB | Q122: 674 | R122: Elitech | S122: KML | T122: Khoa Lý luận chính trị | U122: 187872 | W122: 68 | X122: =VLOOKUP(C122,VN_ICT!B:W,22,TRUE) -> 0
A123: 187875 | B123: 161344 | C123: 161344 | D123: SSH1151 | E123: Tư tưởng Hồ Chí Minh | F123: *Việt Nhật K68-2S | G123: 130 | H123: Nhóm 1 | I123: T20 | J123: Thứ tư | K123: 46043 | L123: Kíp 1 | M123: D9-501 | N123: 670 | O123: 42 | P123: AB | Q123: 674 | R123: Elitech | S123: KML | T123: Khoa Lý luận chính trị | U123: 187875 | W123: 68 | X123: =VLOOKUP(C123,VN_ICT!B:W,22,TRUE) -> 0
A124: 187874 | B124: 161344 | C124: 161344 | D124: SSH1151 | E124: Tư tưởng Hồ Chí Minh | F124: *Việt Nhật K68-2S | G124: 131 | H124: Nhóm 2 | I124: T20 | J124: Thứ tư | K124: 46043 | L124: Kíp 1 | M124: D9-402 | N124: 670 | O124: 42 | P124: AB | Q124: 674 | R124: Elitech | S124: KML | T124: Khoa Lý luận chính trị | U124: 187874 | W124: 68 | X124: =VLOOKUP(C124,VN_ICT!B:W,22,TRUE) -> 0
A125: 187695 | B125: 161345 | C125: 161345 | D125: SSH1131 | E125: Chủ nghĩa xã hội khoa học | F125: (Blend)-*ICT K68 + Việt Nhật K69C | G125: 130 | H125: Nhóm 1 | I125: T22 | J125: Thứ bảy | K125: 46060 | L125: Kíp 1 | M125: D9-401 | N125: 670 | O125: 50 | P125: AB | Q125: 674 | R125: Elitech | S125: KML | T125: Khoa Lý luận chính trị | U125: 187695 | W125: 68 | X125: =VLOOKUP(C125,VN_ICT!B:W,22,TRUE) -> 0
A126: 187694 | B126: 161345 | C126: 161345 | D126: SSH1131 | E126: Chủ nghĩa xã hội khoa học | F126: (Blend)-*ICT K68 + Việt Nhật K69C | G126: 131 | H126: Nhóm 2 | I126: T22 | J126: Thứ bảy | K126: 46060 | L126: Kíp 1 | M126: D9-401 | N126: 670 | O126: 49 | P126: AB | Q126: 674 | R126: Elitech | S126: KML | T126: Khoa Lý luận chính trị | U126: 187694 | W126: 68 | X126: =VLOOKUP(C126,VN_ICT!B:W,22,TRUE) -> 0
A127: 187696 | B127: 161345 | C127: 161345 | D127: SSH1131 | E127: Chủ nghĩa xã hội khoa học | F127: (Blend)-*ICT K68 + Việt Nhật K69C | G127: 132 | H127: Nhóm 3 | I127: T22 | J127: Thứ bảy | K127: 46060 | L127: Kíp 1 | M127: D9-402 | N127: 670 | O127: 49 | P127: AB | Q127: 674 | R127: Elitech | S127: KML | T127: Khoa Lý luận chính trị | U127: 187696 | W127: 68 | X127: =VLOOKUP(C127,VN_ICT!B:W,22,TRUE) -> 0
A128: 190391 | B128: 161346 | C128: 161346 | D128: IT4210E | E128: Embedded Systems | F128: *ICT K68C | G128: 365 | H128: TC | I128: Theo lịch của giáo viên | N128: 670 | O128: 18 | P128: AB | Q128: 674 | R128: Elitech | S128: TCNTT | T128: Trường Công nghệ thông tin và Truyền thông | U128: 190391 | V128: B1-402 | W128: 68 | X128: =VLOOKUP(C128,VN_ICT!B:W,22,TRUE) -> Ngô Lam Trung
A129: 190508 | B129: 161347 | C129: 161347 | D129: IT4785E | E129: Mobile Programming | F129: *ICT K68C | G129: 131 | H129: Nhóm 2 | I129: T22 | J129: Thứ hai | K129: 46055 | L129: Kíp 5 | M129: Phòng máy TTMT | N129: 670 | O129: 38 | P129: AB | Q129: 674 | R129: Elitech | S129: TCNTT | T129: Trường Công nghệ thông tin và Truyền thông | U129: 190508 | V129: D9-402 | W129: 68 | X129: =VLOOKUP(C129,VN_ICT!B:W,22,TRUE) -> Nguyễn Đình Thuận
A130: 190507 | B130: 161347 | C130: 161347 | D130: IT4785E | E130: Mobile Programming | F130: *ICT K68C | G130: 130 | H130: Nhóm 1 | I130: T22 | J130: Thứ hai | K130: 46055 | L130: Kíp 5 | M130: Phòng máy TTMT | N130: 670 | O130: 39 | P130: AB | Q130: 674 | R130: Elitech | S130: TCNTT | T130: Trường Công nghệ thông tin và Truyền thông | U130: 190507 | V130: D9-402 | W130: 68 | X130: =VLOOKUP(C130,VN_ICT!B:W,22,TRUE) -> Nguyễn Đình Thuận
A131: 190046 | B131: 161348 | C131: 161348 | D131: IT2030 | E131: Technical Writing and Presentation | F131: *ICT K68-1C | G131: 365 | H131: TC | I131: T21 | J131: Thứ ba | K131: 46049 | L131: Kíp 3 | M131: D9-401 | N131: 670 | O131: 61 | P131: AB | Q131: 674 | R131: Elitech | S131: TCNTT | T131: Trường Công nghệ thông tin và Truyền thông | U131: 190046 | V131: D9-402 | W131: 68 | X131: =VLOOKUP(C131,VN_ICT!B:W,22,TRUE) -> Phạm Hùng Vượng
A132: 190047 | B132: 161349 | C132: 161349 | D132: IT2030 | E132: Technical Writing and Presentation | F132: *ICT K68-2C | G132: 365 | H132: TC | I132: T21 | J132: Thứ ba | K132: 46049 | L132: Kíp 3 | M132: D9-401 | N132: 670 | O132: 60 | P132: AB | Q132: 674 | R132: Elitech | S132: TCNTT | T132: Trường Công nghệ thông tin và Truyền thông | U132: 190047 | V132: D9-402 | W132: 68 | X132: =VLOOKUP(C132,VN_ICT!B:W,22,TRUE) -> Dương Thị Thuỳ Mai
A133: 190145 | B133: 161350 | C133: 161350 | D133: IT3080E | E133: Computer Networks | F133: *ICT K68C | G133: 131 | H133: Nhóm 2 | I133: T21 | J133: Thứ sáu | K133: 46052 | L133: Kíp 3 | M133: Phòng máy TTMT | N133: 670 | O133: 58 | P133: AB | Q133: 674 | R133: Elitech | S133: TCNTT | T133: Trường Công nghệ thông tin và Truyền thông | U133: 190145 | V133: D9-306 | W133: 68 | X133: =VLOOKUP(C133,VN_ICT!B:W,22,TRUE) -> Trần Nguyên Ngọc
A134: 190146 | B134: 161350 | C134: 161350 | D134: IT3080E | E134: Computer Networks | F134: *ICT K68C | G134: 130 | H134: Nhóm 1 | I134: T21 | J134: Thứ sáu | K134: 46052 | L134: Kíp 3 | M134: Phòng máy TTMT | N134: 670 | O134: 59 | P134: AB | Q134: 674 | R134: Elitech | S134: TCNTT | T134: Trường Công nghệ thông tin và Truyền thông | U134: 190146 | V134: D9-306 | W134: 68 | X134: =VLOOKUP(C134,VN_ICT!B:W,22,TRUE) -> Trần Nguyên Ngọc
A135: 190271 | B135: 161351 | C135: 161351 | D135: IT3292E | E135: Database | F135: *ICT K68C | G135: 131 | H135: Nhóm 2 | I135: T21 | J135: Thứ năm | K135: 46051 | L135: Kíp 3 | M135: Phòng máy TTMT | N135: 670 | O135: 62 | P135: AB | Q135: 674 | R135: Elitech | S135: TCNTT | T135: Trường Công nghệ thông tin và Truyền thông | U135: 190271 | V135: D9-401 | W135: 68 | X135: =VLOOKUP(C135,VN_ICT!B:W,22,TRUE) -> Vũ Tuyết Trinh
A136: 190270 | B136: 161351 | C136: 161351 | D136: IT3292E | E136: Database | F136: *ICT K68C | G136: 130 | H136: Nhóm 1 | I136: T21 | J136: Thứ năm | K136: 46051 | L136: Kíp 3 | M136: Phòng máy TTMT | N136: 670 | O136: 64 | P136: AB | Q136: 674 | R136: Elitech | S136: TCNTT | T136: Trường Công nghệ thông tin và Truyền thông | U136: 190270 | V136: D9-401 | W136: 68 | X136: =VLOOKUP(C136,VN_ICT!B:W,22,TRUE) -> Vũ Tuyết Trinh
A137: 190267 | B137: 161352 | C137: 161352 | D137: IT3290E | E137: Database Lab | F137: *ICT K68-1S | G137: 365 | H137: TC | I137: Theo lịch của giáo viên | N137: 670 | O137: 40 | P137: AB | Q137: 674 | R137: Elitech | S137: TCNTT | T137: Trường Công nghệ thông tin và Truyền thông | U137: 190267 | V137: B1-208 | W137: 68 | X137: =VLOOKUP(C137,VN_ICT!B:W,22,TRUE) -> Vũ Tuyết Trinh
A138: 190268 | B138: 161353 | C138: 161353 | D138: IT3290E | E138: Database Lab | F138: *ICT K68-2S | G138: 365 | H138: TC | I138: Theo lịch của giáo viên | N138: 670 | O138: 40 | P138: AB | Q138: 674 | R138: Elitech | S138: TCNTT | T138: Trường Công nghệ thông tin và Truyền thông | U138: 190268 | V138: B1-208 | W138: 68 | X138: =VLOOKUP(C138,VN_ICT!B:W,22,TRUE) -> Nguyễn Thị Oanh
A139: 190269 | B139: 161354 | C139: 161354 | D139: IT3290E | E139: Database Lab | F139: *ICT K68-3C | G139: 365 | H139: TC | I139: Theo lịch của giáo viên | N139: 670 | O139: 40 | P139: AB | Q139: 674 | R139: Elitech | S139: TCNTT | T139: Trường Công nghệ thông tin và Truyền thông | U139: 190269 | V139: B1-208 | W139: 68 | X139: =VLOOKUP(C139,VN_ICT!B:W,22,TRUE) -> Nguyễn Hồng Phương
A140: 190364 | B140: 161355 | C140: 161355 | D140: IT4082E | E140: Software Engineering | F140: *ICT K68C | G140: 131 | H140: Nhóm 2 | I140: T20 | J140: Thứ bảy | K140: 46046 | L140: Kíp 4 | M140: Phòng máy TTMT | N140: 670 | O140: 54 | P140: AB | Q140: 674 | R140: Elitech | S140: TCNTT | T140: Trường Công nghệ thông tin và Truyền thông | U140: 190364 | V140: D9-401 | W140: 68 | X140: =VLOOKUP(C140,VN_ICT!B:W,22,TRUE) -> Bùi Thị Mai Anh (0.0) - Nguyễn Quốc Tuấn (1.0)
A141: 190363 | B141: 161355 | C141: 161355 | D141: IT4082E | E141: Software Engineering | F141: *ICT K68C | G141: 130 | H141: Nhóm 1 | I141: T20 | J141: Thứ bảy | K141: 46046 | L141: Kíp 4 | M141: Phòng máy TTMT | N141: 670 | O141: 55 | P141: AB | Q141: 674 | R141: Elitech | S141: TCNTT | T141: Trường Công nghệ thông tin và Truyền thông | U141: 190363 | V141: D9-401 | W141: 68 | X141: =VLOOKUP(C141,VN_ICT!B:W,22,TRUE) -> Bùi Thị Mai Anh (0.0) - Nguyễn Quốc Tuấn (1.0)
A142: 190457 | B142: 161356 | C142: 161356 | D142: IT4593E | E142: Introduction to Communication Enginieering | F142: *ICT K68C | G142: 131 | H142: Nhóm 2 | I142: T22 | J142: Thứ năm | K142: 46058 | L142: Kíp 4,5 | M142: Phòng máy TTMT | N142: 670 | O142: 63 | P142: AB | Q142: 674 | R142: Elitech | S142: TCNTT | T142: Trường Công nghệ thông tin và Truyền thông | U142: 190457 | V142: D9-401 | W142: 68 | X142: =VLOOKUP(C142,VN_ICT!B:W,22,TRUE) -> Đỗ Công Thuần
A143: 190456 | B143: 161356 | C143: 161356 | D143: IT4593E | E143: Introduction to Communication Enginieering | F143: *ICT K68C | G143: 130 | H143: Nhóm 1 | I143: T22 | J143: Thứ năm | K143: 46058 | L143: Kíp 4,5 | M143: Phòng máy TTMT | N143: 670 | O143: 63 | P143: AB | Q143: 674 | R143: Elitech | S143: TCNTT | T143: Trường Công nghệ thông tin và Truyền thông | U143: 190456 | V143: D9-401 | W143: 68 | X143: =VLOOKUP(C143,VN_ICT!B:W,22,TRUE) -> Đỗ Công Thuần
A144: 187697 | B144: 161357 | C144: 161357 | D144: SSH1131 | E144: Chủ nghĩa xã hội khoa học | F144: *Việt Nhật K69S | G144: 130 | H144: Nhóm 1 | I144: T22 | J144: Thứ bảy | K144: 46060 | L144: Kíp 1 | M144: D9-403 | N144: 670 | O144: 50 | P144: AB | Q144: 674 | R144: Elitech | S144: KML | T144: Khoa Lý luận chính trị | U144: 187697 | W144: 69 | X144: =VLOOKUP(C144,VN_ICT!B:W,22,TRUE) -> 0
A145: 187699 | B145: 161357 | C145: 161357 | D145: SSH1131 | E145: Chủ nghĩa xã hội khoa học | F145: *Việt Nhật K69S | G145: 131 | H145: Nhóm 2 | I145: T22 | J145: Thứ bảy | K145: 46060 | L145: Kíp 1 | M145: D9-501 | N145: 670 | O145: 50 | P145: AB | Q145: 674 | R145: Elitech | S145: KML | T145: Khoa Lý luận chính trị | U145: 187699 | W145: 69 | X145: =VLOOKUP(C145,VN_ICT!B:W,22,TRUE) -> 0
A146: 187698 | B146: 161357 | C146: 161357 | D146: SSH1131 | E146: Chủ nghĩa xã hội khoa học | F146: *Việt Nhật K69S | G146: 132 | H146: Nhóm 3 | I146: T22 | J146: Thứ bảy | K146: 46060 | L146: Kíp 1 | M146: D9-501 | N146: 670 | O146: 50 | P146: AB | Q146: 674 | R146: Elitech | S146: KML | T146: Khoa Lý luận chính trị | U146: 187698 | W146: 69 | X146: =VLOOKUP(C146,VN_ICT!B:W,22,TRUE) -> 0
A147: 190613 | B147: 161358 | C147: 161358 | D147: JP1132 | E147: Tiếng Nhật 3 | F147: *Việt Nhật K69-1S | G147: 365 | H147: TC | I147: T20 | J147: Thứ hai | K147: 46041 | L147: Kíp 2 | M147: D9-402 | N147: 670 | O147: 26 | P147: AB | Q147: 674 | R147: Elitech | S147: TCNTT | T147: Trường Công nghệ thông tin và Truyền thông | U147: 190613 | V147: D9-402, D9-402, D9-406 | W147: 69 | X147: =VLOOKUP(C147,VN_ICT!B:W,22,TRUE) -> Nguyễn Hồng Diễm
A148: 190614 | B148: 161359 | C148: 161359 | D148: JP1132 | E148: Tiếng Nhật 3 | F148: *Việt Nhật K69-2S | G148: 365 | H148: TC | I148: T20 | J148: Thứ hai | K148: 46041 | L148: Kíp 2 | M148: D9-403 | N148: 670 | O148: 20 | P148: AB | Q148: 674 | R148: Elitech | S148: TCNTT | T148: Trường Công nghệ thông tin và Truyền thông | U148: 190614 | V148: C7-114, C7-114, D9-407 | W148: 69 | X148: =VLOOKUP(C148,VN_ICT!B:W,22,TRUE) -> Nguyễn Văn Hiển
A149: 190615 | B149: 161362 | C149: 161362 | D149: JP1132 | E149: Tiếng Nhật 3 | F149: *Việt Nhật K69-5S | G149: 365 | H149: TC | I149: T20 | J149: Thứ hai | K149: 46041 | L149: Kíp 2 | M149: D9-404 | N149: 670 | O149: 28 | P149: AB | Q149: 674 | R149: Elitech | S149: TCNTT | T149: Trường Công nghệ thông tin và Truyền thông | U149: 190615 | V149: D9-402, D9-402, D9-406 | W149: 69 | X149: =VLOOKUP(C149,VN_ICT!B:W,22,TRUE) -> Khổng Thị Sáng
...

Sheet Tuan21
A1: Tuần 21 | D1: Thứ 2 (26.01.2026) | I1: Thứ 3 (27.01.2026) | N1: Thứ 4 (28.01.2026) | S1: Thứ 5 (29.01.2026) | X1: Thứ 6 (30.01.2026) | AC1: Thứ 7 | AG1: Chủ nhật
A2: TT | B2: Phòng | C2: Số sv | D2: Kíp 1 - 7h00 | E2: Kíp 2-9h30 | F2: Kíp 3-12h30 | G2: Kíp 4-15h00 | H2: Kíp 5-17h30 | I2: Kíp 1 - 7h00 | J2: Kíp 2-9h30 | K2: Kíp 3-12h30 | L2: Kíp 4-15h00 | M2: Kíp 5-17h30 | N2: Kíp 1 - 7h00 | O2: Kíp 2-9h30 | P2: Kíp 3-12h30 | Q2: Kíp 4-15h00 | R2: Kíp 5-17h30 | S2: Kíp 1 - 7h00 | T2: Kíp 2-9h30 | U2: Kíp 3-12h30 | V2: Kíp 4-15h00 | W2: Kíp 5-17h30 | X2: Kíp 1 - 7h00 | Y2: Kíp 2-9h30 | Z2: Kíp 3-12h30 | AA2: Kíp 4-15h00 | AB2: Kíp 5-17h30 | AC2: Kíp 1 | AD2: Kíp 2 | AE2: Kíp 3 | AF2: Kíp 4 | AG2: Kíp 1 | AH2: Kíp 2 | AI2: Kíp 3 | AJ2: Kíp 4
A3: 1 | B3: B1-106 | C3: 37 | D3: IT1108 | E3: IT1108 | F3: IT3190 - HaiPV | G3: IT4931 | H3: IT4263 | L3: IT4663 | M3: IT4015E | N3: IT3100 | O3: IT3100 | P3: IT3170 | Q3: IT3170E | R3: IT3170 | S3: IT4508E | U3: IT4785E | X3: IT3120 | Y3: IT3210 | Z3: IT3080E (NgocTN) | AA3: IT4651E | AB3: IT3080 (TungBT)
A4: 2 | B4: B1-107 | C4: 37 | D4: IT1108 | E4: IT1108 | F4: IT3190 - QuangNH | G4: IT4931 | H4: IT4263 | L4: IT4663 | M4: IT4015E | N4: IT3100 | O4: IT3100 | P4: IT3170 | Q4: IT3170E | R4: IT3170 | S4: IT4508E | U4: IT4785E | X4: IT3120 | Y4: IT3210 | Z4: IT3080E (DongLV) | AA4: IT4651E | AB4: IT3080 (TungBT)
A5: 3 | B5: B1-108 | C5: 37 | D5: IT1108 | E5: IT1108 | F5: IT3190 - TrinhVT | G5: IT4931 | H5: IT4263 | M5: IT4015E | N5: IT3100 | O5: IT3100 | P5: IT3170 | Q5: IT3170E | R5: IT3170 | X5: IT5412 (LinhNV) | Y5: IT3210 | Z5: IT3080E (DungHV) | AA5: IT4651 | AB5: IT3080 (TungBT)
A6: 4 | B6: B1-109 | C6: 37 | D6: IT1108 | E6: IT1108 | F6: IT3190 - HieuNK | G6: IT4931 | M6: IT4015 | N6: IT3100 | O6: IT3100 | P6: IT3170 | Q6: IT3170E | R6: IT3170 | X6: IT5412 (NamLH) | Y6: IT3210 | AA6: IT4651 | AB6: IT3080 (TungBT)
A7: 5 | B7: B1-202 | C7: 37 | D7: IT1108 | E7: IT1108 | F7: IT3190 - HauLD | G7: IT4931 | M7: IT4015 | N7: IT3100 | O7: IT3100 | P7: IT3170 | Q7: IT3170E | R7: IT3170 | W7: IT4142E | Y7: IT3160E | Z7: IT3080E (LinhTD) | AA7: IT4651 | AB7: IT3080
A8: 6 | B8: B1-203 -SD Laptop | C8: 30 | D8: IT1108 | E8: IT1108 | F8: IT3190 - TuanDQ | G8: IT4931 | O8: IT3100 | P8: IT3170 | Q8: IT3170E | AB8: IT3080
A9: 7 | B9: B1-204 | C9: 37 | D9: IT1108 | E9: IT1108 | F9: IT3190 - TrungTV | G9: IT4931 | M9: IT4015 | N9: IT3100 | O9: IT3100 | P9: IT3170 | Q9: IT3170 | R9: IT3170 | U9: IT3292E | W9: IT4142E | Y9: IT3160E | Z9: IT3080E (LinhTD) | AA9: IT4210 | AB9: IT3080
A10: 8 | B10: B1-206 | C10: 37 | D10: IT1108 | E10: IT1110E - TuanDQ | F10: IT3190 - Lương | G10: IT4931 | M10: IT4015 | N10: IT3100 | O10: IT3100 | P10: IT3170 | Q10: IT3170 | R10: IT3170 | U10: IT3292E | V10: IT4788 | W10: IT4142E | X10: IT3280E | Y10: IT3160E | Z10: IT3080E (LyDTH) | AA10: IT4210 | AB10: IT3080
A11: 9 | B11: B1-207 | C11: 37 | D11: IT1108 | E11: IT1110E - TuanDQ | F11: IT3190 - Duy | G11: IT4931 | M11: IT4015 | N11: IT3100 | O11: IT3100 | P11: IT3170 | Q11: IT3170 | R11: IT3170 | U11: IT3292E | V11: IT4788 | W11: IT4142E | X11: IT3280E - TienND | Y11: IT3160E | Z11: IT3080E (LyDTH) | AA11: IT4651 | AB11: IT3080
A12: 10 | B12: B1-208 | C12: 37 | D12: IT1108 | E12: IT1110E - ThieuVV | F12: IT3190 - AnhNK | G12: IT3190 - AnhNK | M12: IT4015 | N12: IT5411-LTHuong | O12: IT3100 | P12: IT3170 | Q12: IT3170 | R12: IT3170 | U12: IT3292E | V12: IT4788 | W12: IT4142E -Khoat | X12: IT3280E | Y12: IT3160E | Z12: IT3080E (LyDTH) | AA12: IT4651 | AB12: IT3080
A13: 11 | B13: B1-209 | C13: 37 | D13: IT1108 | E13: IT1110E - AnhDT | F13: IT3190 - DungDT | G13: IT3190 - DungDT | M13: IT4015 | N13: IT5411-NSTung | O13: IT3100 | P13: IT3170 | Q13: IT3170 | R13: IT3170 | U13: IT3292E | V13: IT4788 | W13: IT4142E -TungND | X13: IT3280E | Y13: IT3160E | Z13: IT3080E | AA13: IT4651 | AB13: IT3080
D14: =COUNTA(D3:D13) -> 11 | E14: =COUNTA(E3:E13) -> 11 | F14: =COUNTA(F3:F13) -> 11 | G14: =COUNTA(G3:G11) -> 9 | H14: =COUNTA(H3:H13) -> 3 | I14: =COUNTA(I3:I13) -> 0 | J14: =COUNTA(J3:J13) -> 0 | K14: =COUNTA(K3:K13) -> 0 | L14: =COUNTA(L3:L13) -> 2 | M14: =COUNTA(M3:M13) -> 10 | N14: =COUNTA(N3:N13) -> 10 | O14: =COUNTA(O3:O13) -> 11 | ... T14: =COUNTA(T3:T13) -> 0 | U14: =COUNTA(U5:U13) -> 5 | V14: =COUNTA(V7:V13) -> 4 | W14: =COUNTA(W7:W13) -> 6 | X14: =COUNTA(X3:X13) -> 8 | Y14: =COUNTA(Y3:Y13) -> 10 | Z14: =COUNTA(Z3:Z13) -> 9 | AB14: =COUNTA(AB3:AB13) -> 11 | AC14: =COUNTA(AC3:AC13) -> 0 | AD14: =COUNTA(AD3:AD13) -> 0 | AE14: =COUNTA(AE3:AE13) -> 0 | AF14: =COUNTA(AF3:AF13) -> 0 | AG14: =COUNTA(AG3:AG13) -> 0 | AH14: =COUNTA(AH3:AH13) -> 0 | AI14: =COUNTA(AI3:AI13) -> 0 | AJ14: =COUNTA(AJ3:AJ13) -> 0
B15: Số sv thi | D15: =(11-D14)*37-5 -> -5 | E15: =(11-E14)*37-5 -> -5 | F15: =(11-F14)*37-5 -> -5 | G15: =(11-G14)*37-5 -> 69 | H15: =(11-H14)*37-5 -> 291 | I15: =(11-I14)*37-5 -> 402 | J15: =(11-J14)*37-5 -> 402 | K15: =(11-K14)*37-5 -> 402 | ... Z15: =(11-Z14)*37-5 -> 69 | AB15: =(11-AB14)*37-5 -> -5 | AC15: =(11-AC14)*37-5 -> 402 | AD15: =(11-AD14)*37-5 -> 402 | AE15: =(11-AE14)*37-5 -> 402 | AF15: =(11-AF14)*37-5 -> 402 | AG15: =(11-AG14)*37-5 -> 402 | AH15: =(11-AH14)*37-5 -> 402 | AI15: =(11-AI14)*37-5 -> 402 | AJ15: =(11-AJ14)*37-5 -> 402
A17: Trực kỹ thuật | D17: Hustack | E17: Hustack | L17: Hustack | P17: Hustack | Q17: Hustack | R17: Hustack
B18: Tầng 1 | D18: Trần Thị Dung | F18: Lê Thị Hoa | K18: Phạm Quang Hiếu | N18: Nguyễn Văn Hiên | P18: Phạm Quang Hiếu | S18: Phạm Thị Phương Giang | U18: Phạm Thanh Liêm | X18: Nhữ Thị Nga | Z18: Phạm Thị Phương Giang
B19: Tầng 2 | D19: Nguyễn Văn Hiên | F19: Phạm Quang Hiếu | K19: Lê Thị Hoa | N19: Nhữ Thị Nga | P19: Nguyễn Văn Hiên | U19: Phạm Thị Phương Giang | X19: Phạm Thị Phương Giang | Z19: Nhữ Thị Nga

Sheet Tuan22
A1: Tuần 22 | D1: Thứ 2 (02.02.2026) | I1: Thứ 3 (3.2.2026) | N1: Thứ 4 (4.2.2026) | U1: Thứ 5 (5.2.2026) | Z1: Thứ 6 (6.2.2026) | AE1: Thứ 7 (7.2.2026) | AK1: Chủ nhật (8.2.2026)
A2: TT | B2: Phòng | C2: Số sv | D2: Kíp 1 | E2: Kíp 2 | F2: Kíp 3 | G2: Kíp 4 | H2: Kíp 5 | I2: Kíp 1 | J2: Kíp 2 | K2: Kíp 3 | L2: Kíp 4 | M2: Kíp 5 | N2: Kíp 1.1 | O2: Kíp 1.2 | P2: Kíp 2.1 | Q2: Kíp 2.2 | R2: Kíp 3 | S2: Kíp 4 | T2: Kíp 5 | U2: Kíp 1 | V2: Kíp 2 | W2: Kíp 3 | X2: Kíp 4 | Y2: Kíp 5 | Z2: Kíp 1 | AA2: Kíp 2 | AB2: Kíp 3 | AC2: Kíp 4 | AD2: Kíp 5 | AE2: Kíp 1 | AF2: Kíp 2 | AG2: Kíp 3 (12h20) | AI2: Kíp 4 (15h00) | AK2: Kíp 1 (7h) | AL2: Kíp 2 (8h10) | AM2: Kíp 3 (9h20) | AN2: Kíp 4 (10h40) | AO2: Kíp 5 (13h) | AP2: Kíp 6 (14h10) | AQ2: Kíp 7 (15h20) | AR2: Kíp 8 (16h30)
A3: 1 | B3: B1-106 | C3: 37 | D3: IT3320E KhoatTQ | E3: IT3420 | F3: IT3160-TDKhang | G3: IT4785 | H3: IT4785 | I3: IT3323 | N3: IT2000 - ĐồngLV | O3: IT2000 - ĐồngLV | P3: IT2000 - ĐồngLV | Q3: IT2000 - ĐồngLV | R3: IT3011 | S3: IT4815E | T3: IT3011 | U3: IT5409 | X3: IT4593 | Y3: IT4593 | Z3: IT4244 - TrungLĐ | AA3: IT3070 | AB3: IT3070 | AC3: IT3070 | AG3: IT1130-NgaNT | AH3: 756922 | AI3: IT1130-NgaNT | AJ3: 756921 | AK3: IT1140 | AL3: IT1140 | AM3: IT1140 | AN3: IT1140 | AO3: IT1140 | AP3: IT1140 | AQ3: IT1140 | AR3: IT1140
A4: 2 | B4: B1-107 | C4: 37 | D4: IT3320E TungND | E4: IT3420 | F4: IT3160 | G4: IT4785 | H4: IT4785 | I4: IT3323 | N4: IT2000 | O4: IT2000 | P4: IT2000 | Q4: IT2000 | R4: IT3011 | S4: IT4815E | T4: IT3011 | X4: IT4593 | Y4: IT4593 | Z4: IT4244 - TienND | AA4: IT3070 | AB4: IT3070 | AC4: IT3070 | AG4: IT1130-NgaNT | AH4: 756924 | AI4: IT1130-NgaNT | AJ4: 756923 | AK4: IT1140 | AL4: IT1140 | AM4: IT1140 | AN4: IT1140 | AO4: IT1140 | AP4: IT1140 | AQ4: IT1140 | AR4: IT1140
A5: 3 | B5: B1-108 | C5: 37 | D5: IT3320E | E5: IT3420 | F5: IT3160 | G5: IT4785 | H5: IT4785 | I5: IT3323 | N5: IT2000 | O5: IT2000 | P5: IT2000 | Q5: IT2000 | R5: IT3011 | S5: IT3011 | T5: IT3011 | W5: IT4593 | X5: IT4593 | Y5: IT4593 | Z5: IT4244 - HaiNN | AA5: IT3070 | AB5: IT3070 | AC5: IT3070 | AG5: IT1130-NgaNT | AH5: 756916 | AI5: IT1130-NgaNT | AJ5: 756915 | AK5: IT1140 | AL5: IT1140 | AM5: IT1140 | AN5: IT1140 | AO5: IT1140 | AP5: IT1140 | AQ5: IT1140 | AR5: IT1140
A6: 4 | B6: B1-109 | C6: 37 | D6: IT3320E | E6: IT3420 | F6: IT3160 | G6: IT4785 | H6: IT4785 | I6: IT3323 | N6: IT2000 | O6: IT2000 | P6: IT2000 | Q6: IT2000 | R6: IT3011 | S6: IT4653 | T6: IT3011 | W6: IT4593 | X6: IT4593 | Y6: IT4593 | Z6: IT4244 - TuanNM | AA6: IT3070 | AB6: IT3070 | AC6: IT3070 | AK6: IT1140 | AL6: IT1140 | AM6: IT1140 | AN6: IT1140 | AO6: IT1140 | AP6: IT1140 | AQ6: IT1140 | AR6: IT1140
A7: 5 | B7: B1-202 | C7: 37 | D7: IT3320E | E7: IT3420 | F7: IT4785 | G7: IT4785 | H7: IT4785 | I7: IT3323 | L7: IT4490 | R7: IT3011 | S7: IT4653 | T7: IT3011 | W7: IT4593 | X7: IT4593E | Y7: IT4593 | AA7: IT3100E | AB7: IT4010E | AC7: IT3070 | AK7: IT1110Q | AL7: IT1140 | AM7: IT1140 | AN7: IT1140 | AO7: IT1140 | AP7: IT1140 | AQ7: IT1140 | AR7: IT1140
A8: 6 | B8: B1-203 -SD Laptop | C8: 30 | F8: IT4785 | G8: IT4785 | H8: IT4785 | R8: IT3011Q | S8: IT4653 | AA8: IT3100E | AB8: IT4010E | AL8: IT1140 | AM8: IT1140 | AN8: IT1140 | AO8: IT1140 | AP8: IT1140 | AQ8: IT1140 | AR8: IT1140
A9: 7 | B9: B1-204 | C9: 37 | E9: IT3420 | F9: IT3160 | G9: IT4785 | H9: IT4785E | I9: IT3323 | L9: IT4490 | N9: IT2000 | O9: IT2000 | P9: IT2000 | Q9: IT2000 | R9: IT3011 | S9: IT4653 | T9: IT3011 | U9: IT3020E | W9: IT4593 | X9: IT4593E | Y9: IT4593 | AA9: IT3100E | AB9: IT4010E | AG9: IT1130-DungTT | AH9: 756917 | AK9: IT1110Q | AL9: IT1140 | AM9: IT1140 | AN9: IT1140 | AO9: IT1140 | AP9: IT1140 | AQ9: IT1140 | AR9: IT1140
A10: 8 | B10: B1-206 | C10: 37 | E10: IT3420 | F10: IT3160-DTDung | G10: IT4785 | H10: IT4785E | I10: IT3323 | L10: IT4490 | N10: IT2000 | O10: IT2000 | P10: IT2000 | Q10: IT2000 | R10: IT3011 | S10: IT4653 | T10: IT3011 | U10: IT3020E | W10: IT4593 | X10: IT4613 - Linh NV | Y10: IT4593 | AA10: IT3100E | AB10: IT4010E | AG10: IT1130-DungTT | AH10: 756920 | AK10: IT1110Q | AL10: IT1140 | AM10: IT1140 | AN10: IT1140 | AO10: IT1140 | AP10: IT1140 | AQ10: IT1140 | AR10: IT1140
A11: 9 | B11: B1-207 | C11: 37 | E11: IT3420 | F11: IT3160-DQTuan | G11: IT4785 | H11: IT4785E | I11: IT3323 | L11: IT4490 | N11: IT2000 | O11: IT2000 | P11: IT2000 | Q11: IT2000 | R11: IT3011E | S11: IT4653 | T11: IT3011 | U11: IT3020E | W11: IT4593 | X11: IT4613 - NamLH | Y11: IT4593 | AA11: IT3100E | AB11: IT4010E | AC11: IT4868E | AG11: IT1130-DungTT | AH11: 756919 | AK11: IT1110Q | AL11: IT1140 | AM11: IT1140 | AN11: IT1140 | AO11: IT1140 | AP11: IT1140 | AQ11: IT1140 | AR11: IT1140
A12: 10 | B12: B1-208 | C12: 37 | E12: IT3420 | F12: IT3160 - LTHuong | G12: IT4785 | H12: IT4785E | I12: IT3323 | L12: IT4490 | N12: IT2000 | O12: IT2000 | P12: IT2000 | Q12: IT2000 | R12: IT3011E | S12: IT4653 | T12: IT3011 | U12: IT3020E | W12: IT4593 | X12: IT4613 - TungNS | Y12: IT4593 | AA12: IT3100E | AB12: IT4010E | AC12: IT4868E | AG12: IT1130-HoaLT | AH12: 756918 | AK12: IT1110Q | AL12: IT1140 | AM12: IT1140 | AN12: IT1140 | AO12: IT1140 | AP12: IT1140 | AQ12: IT1140 | AR12: IT1140
A13: 11 | B13: B1-209 | C13: 37 | E13: IT3420 | F13: IT3160-dự phòng | G13: IT4785 | H13: IT4785E | I13: IT3323 | L13: IT4490 | N13: IT2000 | O13: IT2000 | P13: IT2000 | Q13: IT2000 | R13: IT3011E | S13: IT4653 | U13: IT3020E | W13: IT4593 | X13: IT4613 - LuongHDV | Y13: IT4593 | AA13: IT3100E | AB13: IT4010E | AC13: IT4868E | AG13: IT1130-HoaLT | AH13: 756925 | AK13: IT1110Q | AL13: IT1140 | AM13: IT1140 | AN13: IT1140 | AO13: IT1140 | AP13: IT1140 | AQ13: IT1140 | AR13: IT1140
D14: =COUNTA(D3:D13) -> 5 | E14: =COUNTA(E3:E13) -> 10 | F14: =COUNTA(F3:F13) -> 11 | G14: =COUNTA(G3:G13) -> 11 | H14: =COUNTA(H3:H13) -> 11 | I14: =COUNTA(#REF!) -> 1 | J14: =COUNTA(I3:I13) -> 10 | K14: =COUNTA(K3:K13) -> 0 | L14: =COUNTA(L3:L13) -> 6 | M14: =COUNTA(#REF!) -> 1 | N14: =COUNTA(N3:N13) -> 9 | P14: =COUNTA(P3:P13) -> 9 | R14: =COUNTA(T3:T13) -> 9 | S14: =COUNTA(S3:S13) -> 11 | T14: =COUNTA(Q3:Q13) -> 9 | U14: =COUNTA(U3:U13) -> 6 | V14: =COUNTA(V3:V13) -> 0 | W14: =COUNTA(W3:W13) -> 8 | X14: =COUNTA(X3:X13) -> 10 | Y14: =COUNTA(Y3:Y13) -> 10 | Z14: =COUNTA(Z3:Z13) -> 4 | AA14: =COUNTA(AA3:AA13) -> 11 | AB14: =COUNTA(AB3:AB13) -> 11 | AD14: =COUNTA(#REF!) -> 1 | AE14: =COUNTA(AE3:AE10) -> 0 | AF14: =COUNTA(AF3:AF10) -> 0 | AG14: =COUNTA(AG5:AG8) -> 1 | AH14: =COUNTA(AH3:AH6) -> 3 | AK14: =COUNTA(AK3:AK13) -> 10 | AL14: =COUNTA(AL3:AL13) -> 11 | AM14: =COUNTA(AM3:AM13) -> 11 | AN14: =COUNTA(AN3:AN13) -> 11 | AO14: =COUNTA(AO3:AO13) -> 11 | AP14: =COUNTA(AP3:AP13) -> 11 | AQ14: =COUNTA(AQ3:AQ13) -> 11 | AR14: =COUNTA(AR3:AR13) -> 11
B15: Số sv thi | D15: =(11-D14)*37-5 -> 217 | E15: =(11-E14)*37-5 -> 32 | F15: =(11-F14)*37-5 -> -5 | G15: =(11-G14)*37-5 -> -5 | H15: =(11-H14)*37-5 -> -5 | I15: =(11-I14)*37-5 -> 365 | J15: =(11-J14)*37-5 -> 32 | K15: =(11-K14)*37-5 -> 402 | ... N15: =(11-N14)*37-5 -> 69 | P15: =(11-P14)*37-5 -> 69 | R15: =(11-R14)*37-5 -> 69 | S15: =(11-S14)*37-5 -> -5 | T15: =(11-T14)*37-5 -> 69 | U15: =(11-U14)*37-5 -> 180 | V15: =(11-V14)*37-5 -> 402 | W15: =(11-W14)*37-5 -> 106 | X15: =(11-X14)*37-5 -> 32 | Y15: =(11-Y14)*37-5 -> 32 | ... AB15: =(11-AB14)*37-5 -> -5 | AD15: =(11-AD14)*37-5 -> 365 | AE15: =(11-AE14)*37-5 -> 402 | AF15: =(11-AF14)*37-5 -> 402
A17: Trực kỹ thuật | AK17: Sáng Chủ nhật 8.02.2026 | AO17: Chiều chủ nhật 8.02.2026
B18: Tầng 1 | D18: Nhữ Thị Nga | F18: Trần Thị Dung | I18: Lê Thị Hoa | N18: Nhữ Thị Nga | R18: Phạm Quang Hiếu | U18: Phạm Thị Phương Giang | W18: Nguyễn Văn Hiên | Z18: Nhữ Thị Nga | AB18: Trần Thị Dung | AG18: Nhữ Thị Nga | AH18: Lê Thị Hoa | AK18: Nhữ Thị Nga | AL18: Phạm Thanh Liêm | AM18: Nguyễn An Hưng | AO18: Lê Thị Hoa | AP18: Nguyễn An Hưng | AQ18: Phạm Thanh Liêm
B19: Tầng 2 | D19: Trần Thị Dung | F19: Lê Thị Hoa | I19: Trần Thị Dung | K19: Trần Thị Dung | N19: Phạm Quang Hiếu | R19: Nhữ Thị Nga | U19: Phạm Thanh Liêm | W19: Phạm Thị Phương Giang | Z19: Phạm Thị Phương Giang | AB19: Phạm Thị Phương Giang | AG19: Trần Thị Ding | AK19: Trần Thị Dung | AL19: Phạm Quang Hiếu | AM19: Hoàng Văn Hiệp | AO19: Phạm Thị Phương Giang | AP19: Hoàng Văn Hiệp | AQ19: Nguyễn Văn Hiên

Sheet Phân công coi thi
D1: DANH SÁCH PHÂN CÔNG COI THI CÁC LỚP THI TRÊN PHÒNG MÁY TÍNH
D2: KỲ | E2: 2025.1
D3: Giờ thi: Kíp 1 (7h00) - Kíp 2 (9h30) - Kíp 3 (12h30) - Kíp 4 (15h00) - Kíp 5 (17h30)
A6: STT | B6: Mã lớp thi | C6: Mã lớp | D6: Mã học phần | E6: Tên học phần | F6: Tuần thi | G6: Thứ | H6: Ngày thi | I6: Kíp thi | J6: Phòng thi | K6: Số lượng sinh viên/1 lớp thi | L6: Cán bộ coi thi | M6: Giảng viên phụ trách | N6: Trực cam
A7: =ROW()-6 -> 1 | D7: IT3030E | E7: Computer Architecture | F7: 20 | G7: 4 | H7: 46043 | I7: 1 | J7: B1-106 | K7: 33 | L7: Hoàng Văn Hiệp | M7: Nguyễn Đức Tiến
A8: =ROW()-6 -> 2 | D8: IT3030E | E8: Computer Architecture | F8: 20 | G8: 4 | H8: 46043 | I8: 1 | J8: B1-107 | K8: 32 | L8: Nguyễn Đức Tiến | M8: Nguyễn Đức Tiến
A9: =ROW()-6 -> 3 | D9: IT3030E | E9: Computer Architecture | F9: 20 | G9: 4 | H9: 46043 | I9: 1 | J9: B1-108 | K9: 31 | L9: Trần Duy | M9: Nguyễn Đức Tiến
A10: =ROW()-6 -> 4 | D10: IT3030E | E10: Computer Architecture | F10: 20 | G10: 4 | H10: 46043 | I10: 2 | J10: B1-106 | K10: 32 | L10: Ngô Lam Trung | M10: Nguyễn Đức Tiến
A11: =ROW()-6 -> 5 | D11: IT3030E | E11: Computer Architecture | F11: 20 | G11: 4 | H11: 46043 | I11: 2 | J11: B1-107 | K11: 32 | L11: Nguyễn Đức Tiến | M11: Nguyễn Đức Tiến
A12: =ROW()-6 -> 6 | D12: IT3030E | E12: Computer Architecture | F12: 20 | G12: 4 | H12: 46043 | I12: 2 | J12: B1-108 | K12: 32 | L12: Trần Duy | M12: Nguyễn Đức Tiến
A13: =ROW()-6 -> 7 | D13: IT3030E | E13: Computer Architecture | F13: 20 | G13: 4 | H13: 46043 | I13: 2 | J13: B1-109 | K13: 22 | L13: Đỗ Công Thuần | M13: Nguyễn Đức Tiến
A14: =ROW()-6 -> 8 | D14: IT3280E | E14: Computer Architecture | F14: 20 | G14: 4 | H14: 46043 | I14: 4 | J14: B1-204 | K14: 31 | L14: Phạm Ngọc Hưng | M14: Nguyễn Đức Tiến
A15: =ROW()-6 -> 9 | D15: IT3280E | E15: Computer Architecture | F15: 20 | G15: 4 | H15: 46043 | I15: 4 | J15: B1-206 | K15: 31 | L15: Dương Hữu Huynh | M15: Nguyễn Đức Tiến
A16: =ROW()-6 -> 10 | D16: IT3280E | E16: Computer Architecture | F16: 20 | G16: 4 | H16: 46043 | I16: 4 | J16: B1-207 | K16: 32 | L16: Nguyễn Đức Tiến | M16: Nguyễn Đức Tiến
A17: =ROW()-6 -> 11 | D17: IT3280E | E17: Computer Architecture | F17: 20 | G17: 4 | H17: 46043 | I17: 4 | J17: B1-208 | K17: 28 | L17: Hoàng Văn Hiệp | M17: Nguyễn Đức Tiến
A18: =ROW()-6 -> 12 | D18: IT3280E | E18: Computer Architecture | F18: 20 | G18: 4 | H18: 46043 | I18: 4 | J18: B1-209 | K18: 31 | L18: Nguyễn Hoàng Long | M18: Nguyễn Đức Tiến
... A37: =ROW()-6 -> 31 | D37: IT3030 | E37: Kiến trúc Máy tính | F37: 20 | G37: 4 | H37: 46043 | I37: 5.2 | J37: B1-209 | K37: 38 | L37: Ngô Thành Trung | M37: Nguyễn Đức Tiến
A38: =ROW()-6 -> 32 | D38: IT2000 | E38: Nhập môn CNTT&TT | F38: 22 | G38: 4 | H38: 46114 | I38: 1 | J38: B1-106 | K38: 32 | M38: Nguyễn Đức Tiến
A39: =ROW()-6 -> 33 | D39: IT2000 | E39: Nhập môn CNTT&TT | F39: 22 | G39: 4 | H39: 46114 | I39: 1 | J39: B1-107 | K39: 32 | M39: Nguyễn Đức Tiến
A40: =ROW()-6 -> 34 | D40: IT2000 | E40: Nhập môn CNTT&TT | F40: 22 | G40: 4 | H40: 46114 | I40: 1 | J40: B1-108 | K40: 32 | M40: Nguyễn Đức Tiến
A41: =ROW()-6 -> 35 | D41: IT2000 | E41: Nhập môn CNTT&TT | F41: 22 | G41: 4 | H41: 46114 | I41: 1 | J41: B1-109 | K41: 32 | M41: Nguyễn Đức Tiến
A42: =ROW()-6 -> 36 | D42: IT2000 | E42: Nhập môn CNTT&TT | F42: 22 | G42: 4 | H42: 46114 | I42: 1 | J42: B1-204 | K42: 32 | M42: Nguyễn Đức Tiến
A43: =ROW()-6 -> 37 | D43: IT2000 | E43: Nhập môn CNTT&TT | F43: 22 | G43: 4 | H43: 46114 | I43: 1 | J43: B1-206 | K43: 32 | M43: Nguyễn Đức Tiến
A44: =ROW()-6 -> 38 | D44: IT2000 | E44: Nhập môn CNTT&TT | F44: 22 | G44: 4 | H44: 46114 | I44: 1 | J44: B1-207 | K44: 32 | M44: Nguyễn Đức Tiến
A45: =ROW()-6 -> 39 | D45: IT2000 | E45: Nhập môn CNTT&TT | F45: 22 | G45: 4 | H45: 46114 | I45: 1 | J45: B1-208 | K45: 32 | M45: Nguyễn Đức Tiến
A46: =ROW()-6 -> 40 | D46: IT2000 | E46: Nhập môn CNTT&TT | F46: 22 | G46: 4 | H46: 46114 | I46: 1 | J46: B1-209 | K46: 32 | M46: Nguyễn Đức Tiến
A47: =ROW()-6 -> 41 | D47: IT2000 | E47: Nhập môn CNTT&TT | F47: 22 | G47: 4 | H47: 46114 | I47: 2 | J47: B1-106 | K47: 33 | M47: Nguyễn Đức Tiến
A48: =ROW()-6 -> 42 | D48: IT2000 | E48: Nhập môn CNTT&TT | F48: 22 | G48: 4 | H48: 46114 | I48: 2 | J48: B1-107 | K48: 33 | M48: Nguyễn Đức Tiến
A49: =ROW()-6 -> 43 | D49: IT2000 | E49: Nhập môn CNTT&TT | F49: 22 | G49: 4 | H49: 46114 | I49: 2 | J49: B1-108 | K49: 33 | M49: Nguyễn Đức Tiến
... A55: =ROW()-6 -> 49 | D55: IT2000 | E55: Nhập môn CNTT&TT | F55: 22 | G55: 4 | H55: 46114 | I55: 2 | J55: B1-209 | K55: 33 | M55: Nguyễn Đức Tiến
A56: =ROW()-6 -> 50 | B56: 190418 | C56: 162308 | D56: IT4409 | E56: Công nghệ web và dịch vụ trực tuyến | F56: 20 | G56: 2 | H56: 19/1/2026 | I56: Kíp 1 | J56: B1-107 | K56: 36 | L56: Trần Thị Hương | M56: Đỗ Bá Lâm
A57: =ROW()-6 -> 51 | B57: 190418 | C57: 162308 | D57: IT4409 | E57: Công nghệ web và dịch vụ trực tuyến | F57: 20 | G57: 2 | H57: 19/1/2026 | I57: Kíp 1 | J57: B1-108 | K57: 36 | L57: Đỗ Bá Lâm | M57: Đỗ Bá Lâm
A58: =ROW()-6 -> 52 | B58: 190417 | C58: 162308 | D58: IT4409 | E58: Công nghệ web và dịch vụ trực tuyến | F58: 20 | G58: 2 | H58: 19/1/2026 | I58: Kíp 1 | J58: B1-109 | K58: 36 | L58: Nguyễn Thị Thúy Hằng | M58: Đỗ Bá Lâm
A59: =ROW()-6 -> 53 | B59: 190415 | C59: 162307 | D59: IT4409 | E59: Công nghệ web và dịch vụ trực tuyến | F59: 20 | G59: 2 | H59: 19/1/2026 | I59: Kíp 2 | J59: B1-106 | K59: 36 | L59: Phạm Thị Ngọc Quỳnh | M59: Đỗ Bá Lâm
A60: =ROW()-6 -> 54 | B60: 190416 | C60: 162307 | D60: IT4409 | E60: Công nghệ web và dịch vụ trực tuyến | F60: 20 | G60: 2 | H60: 19/1/2026 | I60: Kíp 2 | J60: B1-107 | K60: 36 | L60: Trần Thị Hương | M60: Đỗ Bá Lâm
A61: =ROW()-6 -> 55 | B61: 190414 | C61: 162307 | D61: IT4409 | E61: Công nghệ web và dịch vụ trực tuyến | F61: 20 | G61: 2 | H61: 19/1/2026 | I61: Kíp 2 | J61: B1-108 | K61: 36 | L61: Đỗ Bá Lâm | M61: Đỗ Bá Lâm
A62: =ROW()-6 -> 56 | B62: 190414 | C62: 162307 | D62: IT4409 | E62: Công nghệ web và dịch vụ trực tuyến | F62: 20 | G62: 2 | H62: 19/1/2026 | I62: Kíp 2 | J62: B1-109 | K62: 35 | L62: Nguyễn Thị Thúy Hằng | M62: Đỗ Bá Lâm
A63: =ROW()-6 -> 57 | D63: IT4409 | E63: Công nghệ web và dịch vụ trực tuyến | F63: 20 | G63: 2 | H63: 19/1/2027 | I63: Kíp 1 | J63: B1-204 | K63: 37 | L63: Nguyễn Đức Anh | M63: Nguyễn Sơn Tùng - Lê Hải Nam
A64: =ROW()-6 -> 58 | D64: IT4409 | E64: Công nghệ web và dịch vụ trực tuyến | F64: 20 | G64: 2 | H64: 19/1/2028 | I64: Kíp 1 | J64: B1-206 | K64: 37 | L64: Lê Hải Nam | M64: Nguyễn Sơn Tùng - Lê Hải Nam
A65: =ROW()-6 -> 59 | D65: IT4409 | E65: Công nghệ web và dịch vụ trực tuyến | F65: 20 | G65: 2 | H65: 19/1/2029 | I65: Kíp 1 | J65: B1-207 | K65: 37 | L65: Nguyễn Sơn Tùng | M65: Nguyễn Sơn Tùng - Lê Hải Nam
A66: =ROW()-6 -> 60 | D66: IT4409 | E66: Công nghệ web và dịch vụ trực tuyến | F66: 20 | G66: 2 | H66: 19/1/2030 | I66: Kíp 1 | J66: B1-208 | K66: 37 | L66: Trần Đức Duy | M66: Nguyễn Sơn Tùng - Lê Hải Nam
A67: =ROW()-6 -> 61 | D67: IT4409 | E67: Công nghệ web và dịch vụ trực tuyến | F67: 20 | G67: 2 | H67: 19/1/2031 | I67: Kíp 2 | J67: B1-204 | K67: 37 | L67: Nguyễn Đức Anh | M67: Nguyễn Sơn Tùng - Lê Hải Nam
A68: =ROW()-6 -> 62 | D68: IT4409 | E68: Công nghệ web và dịch vụ trực tuyến | F68: 20 | G68: 2 | H68: 19/1/2032 | I68: Kíp 2 | J68: B1-206 | K68: 37 | L68: Lê Hải Nam | M68: Nguyễn Sơn Tùng - Lê Hải Nam
A69: =ROW()-6 -> 63 | D69: IT4409 | E69: Công nghệ web và dịch vụ trực tuyến | F69: 20 | G69: 2 | H69: 19/1/2033 | I69: Kíp 2 | J69: B1-207 | K69: 37 | L69: Nguyễn Sơn Tùng | M69: Nguyễn Sơn Tùng - Lê Hải Nam - Trịnh Tuấn Đạt
A70: =ROW()-6 -> 64 | D70: IT4082 | E70: Kỹ thuật phần mềm | F70: 20 | G70: 2 | H70: 19/1/2026 | I70: Kíp 3 | J70: B1-109 | K70: 37 | L70: Nguyễn Mạnh Tuấn
A71: =ROW()-6 -> 65 | D71: IT4082 | E71: Kỹ thuật phần mềm | F71: 20 | G71: 2 | H71: 19/1/2026 | I71: Kíp 3 | J71: B1-202 | K71: 37 | L71: Đỗ Tuấn Anh
A72: =ROW()-6 -> 66 | D72: IT4082 | E72: Kỹ thuật phần mềm | F72: 20 | G72: 2 | H72: 19/1/2026 | I72: Kíp 3 | J72: B1-204 | K72: 37 | L72: Đỗ Quốc Huy
A73: =ROW()-6 -> 67 | D73: IT3180 | E73: Nhập môn Công nghệ phần mềm | F73: 20 | G73: 2 | H73: 19/1/2026 | I73: Kíp 4 | J73: B1-204 | K73: 33 | L73: Nguyễn Mạnh Tuấn
A74: =ROW()-6 -> 68 | D74: IT3180 | E74: Nhập môn Công nghệ phần mềm | F74: 20 | G74: 2 | H74: 19/1/2026 | I74: Kíp 4 | J74: B1-206 | K74: 32 | L74: Vũ Thị Hương Giang
A75: =ROW()-6 -> 69 | D75: IT3180 | E75: Nhập môn Công nghệ phần mềm | F75: 20 | G75: 2 | H75: 19/1/2026 | I75: Kíp 4 | J75: B1-207 | K75: 32 | L75: Trần Nhật Hóa
A76: =ROW()-6 -> 70 | D76: IT3180 | E76: Nhập môn Công nghệ phần mềm | F76: 20 | G76: 2 | H76: 19/1/2026 | I76: Kíp 4 | J76: B1-208 | K76: 32 | L76: Nguyễn Quốc Tuấn
A77: =ROW()-6 -> 71 | D77: IT3180 | E77: Nhập môn Công nghệ phần mềm | F77: 20 | G77: 2 | H77: 19/1/2026 | I77: Kíp 4 | J77: B1-209 | K77: 32 | L77: Lê Đức Trung
A78: =ROW()-6 -> 72 | C78: 161313 | D78: IT4015 | E78: Nhập môn an toàn thông tin | F78: 21 | G78: 3 | H78: 27/1/2026 | I78: Kíp 5 | J78: B1-109 | K78: 32 | L78: Trần Quang Đức
A79: =ROW()-6 -> 73 | C79: 161313 | D79: IT4015 | E79: Nhập môn an toàn thông tin | F79: 21 | G79: 3 | H79: 27/1/2026 | I79: Kíp 5 | J79: B1-202 | K79: 32 | L79: Lê Văn Đồng
A80: =ROW()-6 -> 74 | C80: 161313 | D80: IT4015 | E80: Nhập môn an toàn thông tin | F80: 21 | G80: 3 | H80: 27/1/2026 | I80: Kíp 5 | J80: B1-204 | K80: 32 | L80: Nguyễn Quốc Khánh
A81: =ROW()-6 -> 75 | C81: 161313 | D81: IT4015 | E81: Nhập môn an toàn thông tin | F81: 21 | G81: 3 | H81: 27/1/2026 | I81: Kíp 5 | J81: B1-206 | K81: 35 | L81: Hoàng Việt Dũng
A82: =ROW()-6 -> 76 | C82: 161314 | D82: IT4015 | E82: Nhập môn an toàn thông tin | F82: 21 | G82: 3 | H82: 27/1/2026 | I82: Kíp 5 | J82: B1-207 | K82: 32 | L82: Trần Đình Kiến Giang
A83: =ROW()-6 -> 77 | C83: 161314 | D83: IT4015 | E83: Nhập môn an toàn thông tin | F83: 21 | G83: 3 | H83: 27/1/2026 | I83: Kíp 5 | J83: B1-208 | K83: 32 | L83: Trần Vĩnh Đức
A84: =ROW()-6 -> 78 | C84: 161314 | D84: IT4015 | E84: Nhập môn an toàn thông tin | F84: 21 | G84: 3 | H84: 27/1/2026 | I84: Kíp 5 | J84: B1-209 | K84: 32 | L84: Bùi Trọng Tùng
A85: =ROW()-6 -> 79 | C85: 161310 | D85: IT4015E | E85: Introduction to Cryptography and Security | F85: 21 | G85: 3 | H85: 27/1/2026 | I85: Kíp 5 | J85: B1-106 | K85: 30 | L85: Nguyễn Khanh Văn
A86: =ROW()-6 -> 80 | C86: 161310 | D86: IT4015E | E86: Introduction to Cryptography and Security | F86: 21 | G86: 3 | H86: 27/1/2026 | I86: Kíp 5 | J86: B1-107 | K86: 30 | L86: Nguyễn Đức Toàn
A87: =ROW()-6 -> 81 | C87: 161310 | D87: IT4015E | E87: Introduction to Cryptography and Security | F87: 21 | G87: 3 | H87: 27/1/2026 | I87: Kíp 5 | J87: B1-108 | K87: 26 | L87: Trần Nguyên Ngọc
A88: =ROW()-6 -> 82 | D88: IT3230 | E88: =INDEX(tbl_Lichthi[],MATCH(D88,tbl_Lichthi[Mã học phần],0),MATCH(LichThiTheoHocPhan!$C$1,tbl_Lichthi[#Headers],0)) -> Lập trình C cơ bản | F88: 20 | G88: 3 | H88: 20/1/2026 | I88: Kíp 3, 4 | J88: B1-106 | K88: 37 | L88: Trần Đức Duy
A89: =ROW()-6 -> 83 | D89: IT3230 | E89: =INDEX(tbl_Lichthi[],MATCH(D89,tbl_Lichthi[Mã học phần],0),MATCH(LichThiTheoHocPhan!$C$1,tbl_Lichthi[#Headers],0)) -> Lập trình C cơ bản | F89: 20 | G89: 3 | H89: 20/1/2026 | I89: Kíp 3, 4 | J89: B1-107 | K89: 37 | L89: Nguyễn Quốc Tuấn
A90: =ROW()-6 -> 84 | D90: IT3230 | E90: =INDEX(tbl_Lichthi[],MATCH(D90,tbl_Lichthi[Mã học phần],0),MATCH(LichThiTheoHocPhan!$C$1,tbl_Lichthi[#Headers],0)) -> Lập trình C cơ bản | F90: 20 | G90: 3 | H90: 20/1/2026 | I90: Kíp 3, 4 | J90: B1-108 | K90: 37 | L90: Lã Thế Vinh
A91: =ROW()-6 -> 85 | D91: IT3230 | E91: =INDEX(tbl_Lichthi[],MATCH(D91,tbl_Lichthi[Mã học phần],0),MATCH(LichThiTheoHocPhan!$C$1,tbl_Lichthi[#Headers],0)) -> Lập trình C cơ bản | F91: 20 | G91: 3 | H91: 20/1/2026 | I91: Kíp 3, 4 | J91: B1-109 | K91: 37 | L91: Dương Quang Huy
A92: =ROW()-6 -> 86 | D92: IT3230 | E92: =INDEX(tbl_Lichthi[],MATCH(D92,tbl_Lichthi[Mã học phần],0),MATCH(LichThiTheoHocPhan!$C$1,tbl_Lichthi[#Headers],0)) -> Lập trình C cơ bản | F92: 20 | G92: 3 | H92: 20/1/2026 | I92: Kíp 3, 4 | J92: B1-202 | K92: 37 | L92: Nguyễn Tiến Thành
A93: =ROW()-6 -> 87 | D93: IT3230 | E93: =INDEX(tbl_Lichthi[],MATCH(D93,tbl_Lichthi[Mã học phần],0),MATCH(LichThiTheoHocPhan!$C$1,tbl_Lichthi[#Headers],0)) -> Lập trình C cơ bản | F93: 20 | G93: 3 | H93: 20/1/2026 | I93: Kíp 3, 4 | J93: B1-203 | K93: 27 | L93: Nguyễn Hồng Phương
A94: =ROW()-6 -> 88 | D94: IT3230 | E94: =INDEX(tbl_Lichthi[],MATCH(D94,tbl_Lichthi[Mã học phần],0),MATCH(LichThiTheoHocPhan!$C$1,tbl_Lichthi[#Headers],0)) -> Lập trình C cơ bản | F94: 20 | G94: 3 | H94: 20/1/2026 | I94: Kíp 3, 4 | J94: B1-204 | K94: 37 | L94: Tạ Duy Hoàng
A95: =ROW()-6 -> 89 | D95: IT3230 | E95: =INDEX(tbl_Lichthi[],MATCH(D95,tbl_Lichthi[Mã học phần],0),MATCH(LichThiTheoHocPhan!$C$1,tbl_Lichthi[#Headers],0)) -> Lập trình C cơ bản | F95: 20 | G95: 3 | H95: 20/1/2026 | I95: Kíp 3, 4 | J95: B1-206 | K95: 37 | L95: Vũ Đức Vượng
A96: =ROW()-6 -> 90 | D96: IT3230 | E96: =INDEX(tbl_Lichthi[],MATCH(D96,tbl_Lichthi[Mã học phần],0),MATCH(LichThiTheoHocPhan!$C$1,tbl_Lichthi[#Headers],0)) -> Lập trình C cơ bản | F96: 20 | G96: 3 | H96: 20/1/2026 | I96: Kíp 3, 4 | J96: B1-207 | K96: 37 | L96: Ngô Thành Trung
A97: =ROW()-6 -> 91 | D97: IT3230 | E97: =INDEX(tbl_Lichthi[],MATCH(D97,tbl_Lichthi[Mã học phần],0),MATCH(LichThiTheoHocPhan!$C$1,tbl_Lichthi[#Headers],0)) -> Lập trình C cơ bản | F97: 20 | G97: 3 | H97: 20/1/2026 | I97: Kíp 3, 4 | J97: B1-208 | K97: 37 | L97: Nguyễn Hồng Quang
A98: =ROW()-6 -> 92 | D98: IT3230 | E98: =INDEX(tbl_Lichthi[],MATCH(D98,tbl_Lichthi[Mã học phần],0),MATCH(LichThiTheoHocPhan!$C$1,tbl_Lichthi[#Headers],0)) -> Lập trình C cơ bản | F98: 20 | G98: 3 | H98: 20/1/2026 | I98: Kíp 3, 4 | J98: B1-209 | K98: 37 | L98: Nguyễn Duy Tùng
A99: =ROW()-6 -> 93 | D99: IT3210 | E99: C Programming Language | F99: 21 | G99: 6 | H99: 30/01/2026 | I99: Kíp 2 | J99: B1-106 | K99: 32 | L99: Dương Quang Huy
A100: =ROW()-6 -> 94 | D100: IT3210 | E100: C Programming Language | F100: 21 | G100: 6 | H100: 30/01/2026 | I100: Kíp 2 | J100: B1-107 | K100: 32 | L100: Trần Đức Duy
A101: =ROW()-6 -> 95 | D101: IT3210 | E101: C Programming Language | F101: 21 | G101: 6 | H101: 30/01/2026 | I101: Kíp 2 | J101: B1-108 | K101: 32 | L101: Nguyễn Duy Tùng
A102: =ROW()-6 -> 96 | D102: IT3210 | E102: C Programming Language | F102: 21 | G102: 6 | H102: 30/01/2026 | I102: Kíp 2 | J102: B1-109 | K102: 31 | L102: Nguyễn Quốc Tuấn
A103: =ROW()-6 -> 97 | B103: 190145 | C103: 161350 | D103: IT3080E | E103: Computer Networks | F103: 21 | G103: 6 | H103: 30/01/2026 | I103: Kíp 3 | J103: B1-106 | K103: 34 | L103: Trần Nguyên Ngọc
A104: =ROW()-6 -> 98 | B104: 190145/190146 | C104: 161350 | D104: IT3080E | E104: Computer Networks | F104: 21 | G104: 6 | H104: 30/01/2026 | I104: Kíp 3 | J104: B1-107 | K104: 34 | L104: Lê Văn Đồng
A105: =ROW()-6 -> 99 | B105: 190146 | C105: 161350 | D105: IT3080E | E105: Computer Networks | F105: 21 | G105: 6 | H105: 30/01/2026 | I105: Kíp 3 | J105: B1-108 | K105: 34 | L105: Hoàng Việt Dũng
A106: =ROW()-6 -> 100 | B106: 190149 | C106: 161856 | D106: IT3080E | E106: Computer Networks | F106: 21 | G106: 6 | H106: 30/01/2026 | I106: Kíp 3 | J106: B1-202 | K106: 32 | L106: Trương Diệu Linh
A107: =ROW()-6 -> 101 | B107: 190149/190146 | C107: 161856/161350 | D107: IT3080E | E107: Computer Networks | F107: 21 | G107: 6 | H107: 30/01/2026 | I107: Kíp 3 | J107: B1-204 | K107: 32
A108: =ROW()-6 -> 102 | B108: 190148 | C108: 161855 | D108: IT3080E | E108: Computer Networks | F108: 21 | G108: 6 | H108: 30/01/2026 | I108: Kíp 3 | J108: B1-206 | K108: 31 | L108: Đinh Thị Hà Ly
A109: =ROW()-6 -> 103 | B109: 190148/190147 | C109: 161855 | D109: IT3080E | E109: Computer Networks | F109: 21 | G109: 6 | H109: 30/01/2026 | I109: Kíp 3 | J109: B1-207 | K109: 31
A110: =ROW()-6 -> 104 | B110: 190147 | C110: 161855 | D110: IT3080E | E110: Computer Networks | F110: 21 | G110: 6 | H110: 30/01/2026 | I110: Kíp 3 | J110: B1-208 | K110: 31
A111: =ROW()-6 -> 105 | C111: 162290 | D111: IT4244 | E111: Quản trị dự án CNTT | F111: 22 | G111: 6 | H111: 46059 | I111: 1 | J111: B1-106 | K111: 29 | L111: Lê Đức Trung | M111: Lê Đức Trung
A112: =ROW()-6 -> 106 | C112: 162290 | D112: IT4244 | E112: Quản trị dự án CNTT | F112: 22 | G112: 6 | H112: 46059 | I112: 1 | J112: B1-107 | K112: 34 | L112: Nguyễn Đức Tiến | M112: Lê Đức Trung
A113: =ROW()-6 -> 107 | C113: 162290 | D113: IT4244 | E113: Quản trị dự án CNTT | F113: 22 | G113: 6 | H113: 46059 | I113: 1 | J113: B1-108 | K113: 34 | L113: Nguyễn Nhất Hải | M113: Lê Đức Trung
A114: =ROW()-6 -> 108 | C114: 162290 | D114: IT4244 | E114: Quản trị dự án CNTT | F114: 22 | G114: 6 | H114: 46059 | I114: 1 | J114: B1-109 | K114: 34 | L114: Nguyễn Mạnh Tuấn | M114: Lê Đức Trung
A115: =ROW()-6 -> 109
A116: =ROW()-6 -> 110
A117: =ROW()-6 -> 111
A118: =ROW()-6 -> 112
A119: =ROW()-6 -> 113
A120: =ROW()-6 -> 114
A121: =ROW()-6 -> 115
A122: =ROW()-6 -> 116
A123: =ROW()-6 -> 117
A124: =ROW()-6 -> 118
A125: =ROW()-6 -> 119
...

Sheet CNTT26.12-Chung
A1: Trường/Khoa | B1: Mã lớp thi | C1: Mã lớp | D1: Mã học phần | E1: Tên học phần | F1: Ghi chú | G1: Nhóm | H1: Đợt | I1: Tuần | J1: Thứ | K1: Ngày thi | L1: Kíp thi | M1: SL | N1: Phòng thi | O1: Mã lớp thi2 | P1: Giảng viên
A2: Trường Công nghệ thông tin và Truyền thông | B2: 189921 | C2: 164907 | D2: IT1108 | E2: Nhập môn lập trình | F2: **Tài năng KHMT-K70C | G2: CTTN-KHMT-K70 | H2: AB | I2: T21 | J2: Thứ hai | K2: 46048 | L2: Kíp 1 | M2: 50 | N2: Phòng máy_Trung tâm máy tính | O2: 189921 | P2: =VLOOKUP(VALUE(C2),Class20251!D:G,4,0) -> Nguyễn Văn Sơn | S2: {=_xlfn.UNIQUE(D:D)} -> Mã học phần
A3: Trường Công nghệ thông tin và Truyền thông | B3: 189924 | C3: 165278 | D3: IT1108 | E3: Nhập môn lập trình | F3: KH máy tính 01,02,03,04-K70C | G3: Khoa học máy tính 04-K70 | H3: AB | I3: T21 | J3: Thứ hai | K3: 46048 | L3: Kíp 1 | M3: 40 | N3: Phòng máy_Trung tâm máy tính | O3: 189924 | P3: =VLOOKUP(VALUE(C3),Class20251!D:G,4,0) -> Nguyễn Duy Hiệp | S3: IT1108
A4: Trường Công nghệ thông tin và Truyền thông | B4: 189922 | C4: 165278 | D4: IT1108 | E4: Nhập môn lập trình | F4: KH máy tính 01,02,03,04-K70C | G4: TC | H4: AB | I4: T21 | J4: Thứ hai | K4: 46048 | L4: Kíp 2 | M4: 20 | N4: Phòng máy_Trung tâm máy tính | O4: 189922 | P4: =VLOOKUP(VALUE(C4),Class20251!D:G,4,0) -> Nguyễn Duy Hiệp | S4: IT1110E
A5: Trường Công nghệ thông tin và Truyền thông | B5: 189926 | C5: 165278 | D5: IT1108 | E5: Nhập môn lập trình | F5: KH máy tính 01,02,03,04-K70C | G5: Khoa học máy tính 02-K70 | H5: AB | I5: T21 | J5: Thứ hai | K5: 46048 | L5: Kíp 1 | M5: 42 | N5: Phòng máy_Trung tâm máy tính | O5: 189926 | P5: =VLOOKUP(VALUE(C5),Class20251!D:G,4,0) -> Nguyễn Duy Hiệp | S5: IT1110Q
A6: Trường Công nghệ thông tin và Truyền thông | B6: 189923 | C6: 165278 | D6: IT1108 | E6: Nhập môn lập trình | F6: KH máy tính 01,02,03,04-K70C | G6: Khoa học máy tính 03-K70 | H6: AB | I6: T21 | J6: Thứ hai | K6: 46048 | L6: Kíp 1 | M6: 42 | N6: Phòng máy_Trung tâm máy tính | O6: 189923 | P6: =VLOOKUP(VALUE(C6),Class20251!D:G,4,0) -> Nguyễn Duy Hiệp | S6: IT1130
A7: Trường Công nghệ thông tin và Truyền thông | B7: 189925 | C7: 165278 | D7: IT1108 | E7: Nhập môn lập trình | F7: KH máy tính 01,02,03,04-K70C | G7: Khoa học máy tính 01-K70 | H7: AB | I7: T21 | J7: Thứ hai | K7: 46048 | L7: Kíp 1 | M7: 40 | N7: Phòng máy_Trung tâm máy tính | O7: 189925 | P7: =VLOOKUP(VALUE(C7),Class20251!D:G,4,0) -> Nguyễn Duy Hiệp | S7: IT1140
A8: Trường Công nghệ thông tin và Truyền thông | B8: 189929 | C8: 165286 | D8: IT1108 | E8: Nhập môn lập trình | F8: KH máy tính 05,06,07 - KT máy tính 05-K70S | G8: Khoa học máy tính 07-K70 | H8: AB | I8: T21 | J8: Thứ hai | K8: 46048 | L8: Kíp 1 | M8: 40 | N8: Phòng máy_Trung tâm máy tính | O8: 189929 | P8: =VLOOKUP(VALUE(C8),Class20251!D:G,4,0) -> Đoàn Phong Tùng | S8: IT2000
A9: Trường Công nghệ thông tin và Truyền thông | B9: 189928 | C9: 165286 | D9: IT1108 | E9: Nhập môn lập trình | F9: KH máy tính 05,06,07 - KT máy tính 05-K70S | G9: TC | H9: AB | I9: T21 | J9: Thứ hai | K9: 46048 | L9: Kíp 2 | M9: 12 | N9: Phòng máy_Trung tâm máy tính | O9: 189928 | P9: =VLOOKUP(VALUE(C9),Class20251!D:G,4,0) -> Đoàn Phong Tùng | S9: IT3011
A10: Trường Công nghệ thông tin và Truyền thông | B10: 189927 | C10: 165286 | D10: IT1108 | E10: Nhập môn lập trình | F10: KH máy tính 05,06,07 - KT máy tính 05-K70S | G10: Khoa học máy tính 05-K70 | H10: AB | I10: T21 | J10: Thứ hai | K10: 46048 | L10: Kíp 1 | M10: 41 | N10: Phòng máy_Trung tâm máy tính | O10: 189927 | P10: =VLOOKUP(VALUE(C10),Class20251!D:G,4,0) -> Đoàn Phong Tùng | S10: IT3011E
A11: Trường Công nghệ thông tin và Truyền thông | B11: 189931 | C11: 165286 | D11: IT1108 | E11: Nhập môn lập trình | F11: KH máy tính 05,06,07 - KT máy tính 05-K70S | G11: Kỹ thuật máy tính 05-K70 | H11: AB | I11: T21 | J11: Thứ hai | K11: 46048 | L11: Kíp 1 | M11: 44 | N11: Phòng máy_Trung tâm máy tính | O11: 189931 | P11: =VLOOKUP(VALUE(C11),Class20251!D:G,4,0) -> Đoàn Phong Tùng | S11: IT3011Q
A12: Trường Công nghệ thông tin và Truyền thông | B12: 189930 | C12: 165286 | D12: IT1108 | E12: Nhập môn lập trình | F12: KH máy tính 05,06,07 - KT máy tính 05-K70S | G12: Khoa học máy tính 06-K70 | H12: AB | I12: T21 | J12: Thứ hai | K12: 46048 | L12: Kíp 1 | M12: 41 | N12: Phòng máy_Trung tâm máy tính | O12: 189930 | P12: =VLOOKUP(VALUE(C12),Class20251!D:G,4,0) -> Đoàn Phong Tùng | S12: IT3030
A13: Trường Công nghệ thông tin và Truyền thông | B13: 189935 | C13: 165293 | D13: IT1108 | E13: Nhập môn lập trình | F13: KT máy tính 01,02,03,04-K70S | G13: Kỹ thuật máy tính 01-K70 | H13: AB | I13: T21 | J13: Thứ hai | K13: 46048 | L13: Kíp 2 | M13: 44 | N13: Phòng máy_Trung tâm máy tính | O13: 189935 | P13: =VLOOKUP(VALUE(C13),Class20251!D:G,4,0) -> Ngô Thành Trung | S13: IT3030E
A14: Trường Công nghệ thông tin và Truyền thông | B14: 189934 | C14: 165293 | D14: IT1108 | E14: Nhập môn lập trình | F14: KT máy tính 01,02,03,04-K70S | G14: Kỹ thuật máy tính 04-K70 | H14: AB | I14: T21 | J14: Thứ hai | K14: 46048 | L14: Kíp 2 | M14: 47 | N14: Phòng máy_Trung tâm máy tính | O14: 189934 | P14: =VLOOKUP(VALUE(C14),Class20251!D:G,4,0) -> Ngô Thành Trung | S14: IT3034
... A75: Trường Công nghệ thông tin và Truyền thông | B75: 189994 | C75: 163419 | D75: IT1140 | E75: Tin học đại cương | F75: Sinh học - Thực phẩm-K69C | G75: Nhóm 3 | H75: AB | I75: T22 | J75: Chủ nhật | K75: 46061 | L75: Kíp 1-5 | M75: 57 | N75: Phòng máy_Trung tâm máy tính | O75: 189994 | P75: =VLOOKUP(VALUE(C75),Class20251!D:G,4,0) -> Nguyễn Bá Ngọc | S75: IT3220
A76: Trường Công nghệ thông tin và Truyền thông | B76: 189997 | C76: 163419 | D76: IT1140 | E76: Tin học đại cương | F76: Sinh học - Thực phẩm-K69C | G76: Nhóm 4 | H76: AB | I76: T22 | J76: Chủ nhật | K76: 46061 | L76: Kíp 1-5 | M76: 57 | N76: Phòng máy_Trung tâm máy tính | O76: 189997 | P76: =VLOOKUP(VALUE(C76),Class20251!D:G,4,0) -> Nguyễn Bá Ngọc | S76: 0
A77: Trường Công nghệ thông tin và Truyền thông | B77: 190001 | C77: 163526 | D77: IT1140 | E77: Tin học đại cương | F77: Môi trường - QLTN Môi trường-K69S | G77: Nhóm 2 | H77: AB | I77: T22 | J77: Chủ nhật | K77: 46061 | L77: Kíp 1-5 | M77: 50 | N77: Phòng máy_Trung tâm máy tính | O77: 190001 | P77: =VLOOKUP(VALUE(C77),Class20251!D:G,4,0) -> Trịnh Anh Phúc
A78: Trường Công nghệ thông tin và Truyền thông | B78: 189999 | C78: 163526 | D78: IT1140 | E78: Tin học đại cương | F78: Môi trường - QLTN Môi trường-K69S | G78: Nhóm 5 | H78: AB | I78: T22 | J78: Chủ nhật | K78: 46061 | L78: Kíp 1-5 | M78: 50 | N78: Phòng máy_Trung tâm máy tính | O78: 189999 | P78: =VLOOKUP(VALUE(C78),Class20251!D:G,4,0) -> Trịnh Anh Phúc
A79: Trường Công nghệ thông tin và Truyền thông | B79: 189998 | C79: 163526 | D79: IT1140 | E79: Tin học đại cương | F79: Môi trường - QLTN Môi trường-K69S | G79: Nhóm 1 | H79: AB | I79: T22 | J79: Chủ nhật | K79: 46061 | L79: Kíp 1-5 | M79: 50 | N79: Phòng máy_Trung tâm máy tính | O79: 189998 | P79: =VLOOKUP(VALUE(C79),Class20251!D:G,4,0) -> Trịnh Anh Phúc
A80: Trường Công nghệ thông tin và Truyền thông | B80: 190002 | C80: 163526 | D80: IT1140 | E80: Tin học đại cương | F80: Môi trường - QLTN Môi trường-K69S | G80: Nhóm 4 | H80: AB | I80: T22 | J80: Chủ nhật | K80: 46061 | L80: Kíp 1-5 | M80: 50 | N80: Phòng máy_Trung tâm máy tính | O80: 190002 | P80: =VLOOKUP(VALUE(C80),Class20251!D:G,4,0) -> Trịnh Anh Phúc
A81: Trường Công nghệ thông tin và Truyền thông | B81: 190000 | C81: 163526 | D81: IT1140 | E81: Tin học đại cương | F81: Môi trường - QLTN Môi trường-K69S | G81: Nhóm 3 | H81: AB | I81: T22 | J81: Chủ nhật | K81: 46061 | L81: Kíp 1-5 | M81: 50 | N81: Phòng máy_Trung tâm máy tính | O81: 190000 | P81: =VLOOKUP(VALUE(C81),Class20251!D:G,4,0) -> Trịnh Anh Phúc
A82: Trường Công nghệ thông tin và Truyền thông | B82: 190005 | C82: 163787 | D82: IT1140 | E82: Tin học đại cương | F82: Vật liệu - Polyme - KT in-K69C | G82: Nhóm 2 | H82: AB | I82: T22 | J82: Chủ nhật | K82: 46061 | L82: Kíp 1-5 | M82: 50 | N82: Phòng máy_Trung tâm máy tính | O82: 190005 | P82: =VLOOKUP(VALUE(C82),Class20251!D:G,4,0) -> Ban Hà Bằng
A83: Trường Công nghệ thông tin và Truyền thông | B83: 190006 | C83: 163787 | D83: IT1140 | E83: Tin học đại cương | F83: Vật liệu - Polyme - KT in-K69C | G83: Nhóm 4 | H83: AB | I83: T22 | J83: Chủ nhật | K83: 46061 | L83: Kíp 1-5 | M83: 49 | N83: Phòng máy_Trung tâm máy tính | O83: 190006 | P83: =VLOOKUP(VALUE(C83),Class20251!D:G,4,0) -> Ban Hà Bằng
A84: Trường Công nghệ thông tin và Truyền thông | B84: 190004 | C84: 163787 | D84: IT1140 | E84: Tin học đại cương | F84: Vật liệu - Polyme - KT in-K69C | G84: Nhóm 1 | H84: AB | I84: T22 | J84: Chủ nhật | K84: 46061 | L84: Kíp 1-5 | M84: 50 | N84: Phòng máy_Trung tâm máy tính | O84: 190004 | P84: =VLOOKUP(VALUE(C84),Class20251!D:G,4,0) -> Ban Hà Bằng
A85: Trường Công nghệ thông tin và Truyền thông | B85: 190003 | C85: 163787 | D85: IT1140 | E85: Tin học đại cương | F85: Vật liệu - Polyme - KT in-K69C | G85: Nhóm 3 | H85: AB | I85: T22 | J85: Chủ nhật | K85: 46061 | L85: Kíp 1-5 | M85: 50 | N85: Phòng máy_Trung tâm máy tính | O85: 190003 | P85: =VLOOKUP(VALUE(C85),Class20251!D:G,4,0) -> Ban Hà Bằng
A86: Trường Công nghệ thông tin và Truyền thông | B86: 190007 | C86: 163788 | D86: IT1140 | E86: Tin học đại cương | F86: Vật liệu - Polyme - KT in-K69C | G86: Nhóm 2 | H86: AB | I86: T22 | J86: Chủ nhật | K86: 46061 | L86: Kíp 1-5 | M86: 50 | N86: Phòng máy_Trung tâm máy tính | O86: 190007 | P86: =VLOOKUP(VALUE(C86),Class20251!D:G,4,0) -> Đỗ Tiến Dũng
A87: Trường Công nghệ thông tin và Truyền thông | B87: 190010 | C87: 163788 | D87: IT1140 | E87: Tin học đại cương | F87: Vật liệu - Polyme - KT in-K69C | G87: Nhóm 4 | H87: AB | I87: T22 | J87: Chủ nhật | K87: 46061 | L87: Kíp 1-5 | M87: 50 | N87: Phòng máy_Trung tâm máy tính | O87: 190010 | P87: =VLOOKUP(VALUE(C87),Class20251!D:G,4,0) -> Đỗ Tiến Dũng
A88: Trường Công nghệ thông tin và Truyền thông | B88: 190009 | C88: 163788 | D88: IT1140 | E88: Tin học đại cương | F88: Vật liệu - Polyme - KT in-K69C | G88: Nhóm 1 | H88: AB | I88: T22 | J88: Chủ nhật | K88: 46061 | L88: Kíp 1-5 | M88: 50 | N88: Phòng máy_Trung tâm máy tính | O88: 190009 | P88: =VLOOKUP(VALUE(C88),Class20251!D:G,4,0) -> Đỗ Tiến Dũng
... A109: Trường Công nghệ thông tin và Truyền thông | B109: 190073 | C109: 161538 | D109: IT3011 | E109: Cấu trúc dữ liệu và thuật toán | F109: **Tài năng Cơ điện tử-K68C | G109: TC | H109: AB | I109: T22 | J109: Thứ tư | K109: 46057 | L109: Kíp 4 | M109: 39 | N109: Phòng máy_Trung tâm máy tính | O109: 190073 | P109: =VLOOKUP(VALUE(C109),Class20251!D:G,4,0) -> Nguyễn Tuấn Dũng
A110: Trường Công nghệ thông tin và Truyền thông | B110: 190074 | C110: 162409 | D110: IT3011 | E110: Cấu trúc dữ liệu và thuật toán | F110: (Blend)-Cơ điện tử-K68C | G110: Nhóm 2 | H110: AB | I110: T22 | J110: Thứ tư | K110: 46057 | L110: Kíp 3 | M110: 62 | N110: Phòng máy_Trung tâm máy tính | O110: 190074 | P110: =VLOOKUP(VALUE(C110),Class20251!D:G,4,0) -> Nguyễn Quốc Tuấn | R110: =248/37 -> 6.7027027
A111: Trường Công nghệ thông tin và Truyền thông | B111: 190075 | C111: 162409 | D111: IT3011 | E111: Cấu trúc dữ liệu và thuật toán | F111: (Blend)-Cơ điện tử-K68C | G111: Nhóm 1 | H111: AB | I111: T22 | J111: Thứ tư | K111: 46057 | L111: Kíp 3 | M111: 62 | N111: Phòng máy_Trung tâm máy tính | O111: 190075 | P111: =VLOOKUP(VALUE(C111),Class20251!D:G,4,0) -> Nguyễn Quốc Tuấn
A112: Trường Công nghệ thông tin và Truyền thông | B112: 190076 | C112: 162410 | D112: IT3011 | E112: Cấu trúc dữ liệu và thuật toán | F112: Cơ điện tử-K68C | G112: Nhóm 1 | H112: AB | I112: T22 | J112: Thứ tư | K112: 46057 | L112: Kíp 3 | M112: 62 | N112: Phòng máy_Trung tâm máy tính | O112: 190076 | P112: =VLOOKUP(VALUE(C112),Class20251!D:G,4,0) -> Nguyễn Duy Hiệp
A113: Trường Công nghệ thông tin và Truyền thông | B113: 190077 | C113: 162410 | D113: IT3011 | E113: Cấu trúc dữ liệu và thuật toán | F113: Cơ điện tử-K68C | G113: Nhóm 2 | H113: AB | I113: T22 | J113: Thứ tư | K113: 46057 | L113: Kíp 3 | M113: 62 | N113: Phòng máy_Trung tâm máy tính | O113: 190077 | P113: =VLOOKUP(VALUE(C113),Class20251!D:G,4,0) -> Nguyễn Duy Hiệp
A114: Trường Công nghệ thông tin và Truyền thông | B114: 190085 | C114: 161737 | D114: IT3011E | E114: Cấu trúc dữ liệu và thuật toán | F114: **CTTT-Cơ điện tử-K68S | G114: TC | H114: AB | I114: T22 | J114: Thứ tư | K114: 46057 | L114: Kíp 3 | M114: 45 | N114: Phòng máy_Trung tâm máy tính | O114: 190085 | P114: =VLOOKUP(VALUE(C114),Class20251!D:G,4,0) -> Phạm Quang Dũng
A115: Trường Công nghệ thông tin và Truyền thông | B115: 190086 | C115: 161738 | D115: IT3011E | E115: Cấu trúc dữ liệu và thuật toán | F115: **CTTT-Cơ điện tử-K68S | G115: TC | H115: AB | I115: T22 | J115: Thứ tư | K115: 46057 | L115: Kíp 3 | M115: 58 | N115: Phòng máy_Trung tâm máy tính | O115: 190086 | P115: =VLOOKUP(VALUE(C115),Class20251!D:G,4,0) -> Michel Toulouse
A116: Trường Công nghệ thông tin và Truyền thông | B116: 190087 | C116: 161113 | D116: IT3011Q | E116: Cấu trúc dữ liệu và thuật toán | F116: [SIE]-ME-LUH-K68S | G116: TC | H116: AB | I116: T22 | J116: Thứ tư | K116: 46057 | L116: Kíp 3 | M116: 40 | N116: Phòng máy_Trung tâm máy tính | O116: 190087 | P116: =VLOOKUP(VALUE(C116),Class20251!D:G,4,0) -> Nguyễn Văn Sơn
A117: Trường Công nghệ thông tin và Truyền thông | B117: 190093 | C117: 161552 | D117: IT3030 | E117: Kiến trúc máy tính | F117: **Tài năng KHMT-K69S | G117: TC | H117: AB | I117: T20 | J117: Thứ tư | K117: 46043 | L117: Kíp 5 | M117: 49 | N117: Phòng máy_Trung tâm máy tính | O117: 190093 | P117: =VLOOKUP(VALUE(C117),Class20251!D:G,4,0) -> Nguyễn Kim Khánh
A118: Trường Công nghệ thông tin và Truyền thông | B118: 190096 | C118: 162255 | D118: IT3030 | E118: Kiến trúc máy tính | F118: KH máy tính - KT máy tính-K69C | G118: Nhóm 2 | H118: AB | I118: T20 | J118: Thứ tư | K118: 46043 | L118: Kíp 5 | M118: 50 | N118: Phòng máy_Trung tâm máy tính | O118: 190096 | P118: =VLOOKUP(VALUE(C118),Class20251!D:G,4,0) -> Nguyễn Đức Tiến
A119: Trường Công nghệ thông tin và Truyền thông | B119: 190094 | C119: 162255 | D119: IT3030 | E119: Kiến trúc máy tính | F119: KH máy tính - KT máy tính-K69C | G119: Nhóm 1 | H119: AB | I119: T20 | J119: Thứ tư | K119: 46043 | L119: Kíp 5 | M119: 51 | N119: Phòng máy_Trung tâm máy tính | O119: 190094 | P119: =VLOOKUP(VALUE(C119),Class20251!D:G,4,0) -> Nguyễn Đức Tiến
A120: Trường Công nghệ thông tin và Truyền thông | B120: 190095 | C120: 162255 | D120: IT3030 | E120: Kiến trúc máy tính | F120: KH máy tính - KT máy tính-K69C | G120: Nhóm 3 | H120: AB | I120: T20 | J120: Thứ tư | K120: 46043 | L120: Kíp 5 | M120: 50 | N120: Phòng máy_Trung tâm máy tính | O120: 190095 | P120: =VLOOKUP(VALUE(C120),Class20251!D:G,4,0) -> Nguyễn Đức Tiến
A121: Trường Công nghệ thông tin và Truyền thông | B121: 190099 | C121: 162256 | D121: IT3030 | E121: Kiến trúc máy tính | F121: KH máy tính - KT máy tính-K69C | G121: Nhóm 1 | H121: AB | I121: T20 | J121: Thứ tư | K121: 46043 | L121: Kíp 5 | M121: 50 | N121: Phòng máy_Trung tâm máy tính | O121: 190099 | P121: =VLOOKUP(VALUE(C121),Class20251!D:G,4,0) -> Nguyễn Kim Khánh
A122: Trường Công nghệ thông tin và Truyền thông | B122: 190098 | C122: 162256 | D122: IT3030 | E122: Kiến trúc máy tính | F122: KH máy tính - KT máy tính-K69C | G122: Nhóm 2 | H122: AB | I122: T20 | J122: Thứ tư | K122: 46043 | L122: Kíp 5 | M122: 49 | N122: Phòng máy_Trung tâm máy tính | O122: 190098 | P122: =VLOOKUP(VALUE(C122),Class20251!D:G,4,0) -> Nguyễn Kim Khánh
... A420: Trường Công nghệ thông tin và Truyền thông | B420: 190450 | C420: 161474 | D420: IT4593 | E420: Nhập môn kỹ thuật truyền thông | F420: *Việt Nhật K68 + Việt Pháp K69-3 | G420: Nhóm 2 | H420: AB | I420: T22 | J420: Thứ năm | K420: 46058 | L420: Kíp 4,5 | M420: 60 | N420: Phòng máy TTMT | O420: 190450 | P420: =VLOOKUP(VALUE(C420),Class20251!D:G,4,0) -> Trịnh Văn Chiến

Sheet Sheet1
A1: Tuần | B1: T20
A3: Count of Mã lớp thi | B3: Column Labels
A4: Row Labels | B4: Kíp 1 | C4: Kíp 1,2 | D4: Kíp 2 | E4: Kíp 3 | F4: Kíp 3,4 | G4: Kíp 4 | H4: Kíp 5 | I4: Grand Total
A5: IT3030 | B5: 1 | E5: 2 | G5: 2 | H5: 8 | I5: 13
A6: IT3030E | B6: 2 | D6: 2 | I6: 4
A7: IT3034 | D7: 1 | I7: 1
A8: IT3120E | B8: 2 | D8: 2 | I8: 4
A9: IT3180 | G9: 3 | H9: 7 | I9: 10
A10: IT3220 | F10: 4 | I10: 4
A11: IT3230 | C11: 10 | I11: 10
A12: IT3283E | G12: 4 | I12: 4
A13: IT4043E | G13: 2 | I13: 2
A14: IT4082 | G14: 4 | I14: 4
A15: IT4082E | G15: 2 | I15: 2
A16: IT4172 | E16: 6 | H16: 5 | I16: 11
A17: IT4409 | B17: 3 | C17: 6 | D17: 3 | I17: 12
A18: IT4441 | H18: 1 | I18: 1
A19: IT4441E | H19: 2 | I19: 2
A20: IT4681 | G20: 1 | I20: 1
A21: IT4735 | H21: 7 | I21: 7
A22: IT4735E | H22: 1 | I22: 1
A23: IT4772 | B23: 1 | I23: 1
A24: IT4930 | D24: 3 | I24: 3
A25: IT5425 | E25: 1 | I25: 1
A26: Grand Total | B26: 9 | C26: 16 | D26: 11 | E26: 9 | F26: 4 | G26: 18 | H26: 31 | I26: 98

Sheet Class20251
A1: Đơn vị | B1: Học kỳ | C1: Mã lớp | E1: Mã học phần | F1: Tên lớp | G1: GVGD | H1: Tín chỉ | I1: Ghi chú | J1: CTĐT | K1: Đợt học | L1: Số SV | M1: Số SV ĐK | N1: Loại lớp | O1: Ngày bắt đầu | P1: Ngày kết thúc | Q1: Thứ | R1: Buổi | S1: Thứ | T1: Thời khoá biểu | U1: Lesson | V1: Địa điểm | W1: Lịch thi | X1: Khoa | Y1: GVGD | Z1: Email | AA1: Phone | AB1: Trợ giảng | AC1: Trưởng nhóm CM | AD1: Trạng thái | AE1: Hình thức GD | AF1: OnlineLink | AG1: AccessCode | AH1: Hình thức thi HK | AI1: Ghi chú | AJ1: Yêu cầu xếp phòng và lịch thi | AK1: Thời gian bắt đầu thi HK | AL1: Phản hồi TKB | AM1: Ý kiến BĐT
A2: Trường Cơ khí | B2: 20251 | C2: IT6606E-1-25 (25.1A01) | D2: =VALUE(C2) -> #VALUE! | E2: IT6606E | F2: Trí tuệ nhân tạo | G2: Phạm Văn Hải | H2: 2(2-1-0-4) | I2: , Học phần thạc sĩ | J2: ThSKH | K2: AB | L2: 4 | M2: 45 | N2: DA | O2: - | P2: - | X2: Khoa Khoa học Máy tính | Y2: Phạm Văn Hải | Z2: hai.phamvan@hust.edu.vn | AA2: 0823727555 | AC2: Nguyễn Xuân Thuận | AD2: Mở(Học phần thạc sĩ) | AE2: Giảng dạy trực tiếp (Offline) | AK2: -
A3: Trường Điện - Điện tử | B3: 20251 | C3: 161853 | D3: =VALUE(C3) -> 161853 | E3: JP2123 | F3: Tiếng Nhật 5 | G3: Đàm Hoàng Giang | H3: 4(0-8-0-8) | I3: **CTTT-HT nhúng & IoT (nhóm 2)-K68S, **CTTT-HT nhúng & IoT (nhóm 2)-K68S | J3: CTTT | K3: AB | L3: 22 | M3: 22 | N3: LT+BT | O3: - | P3: - | Q3: =LEFT(T3,9) -> Sáng T2: | R3: Sáng | T3: Sáng T2: Tiết 3-4 , Địa điểm: C7-225, Tuần: 2-9,11-19 Sáng T3: Tiết 3-4 , Địa điểm: C7-225, Tuần: 2-9,11-19 Sáng T5: Tiết 3-4 , Địa điểm: C7-225, Tuần: 2-9,11-19 Sáng T6: Tiết 3-4 , Địa điểm: C7-225, Tuần: 2-9,11-19 | U3: 4,613,614,2-9,11-19,C7-225;3,513,514,2-9,11-19,C7-225;2,313,314,2-9,11-19,C7-225;1,213,214,2-9,11-19,C7-225 | V3: C7-225, C7-225, C7-225, C7-225 | X3: Khoa Điện tử | Y3: Đàm Hoàng Giang | Z3: invited.lecturer27.soict@hust.edu.vn | AD3: Mở(**CTTT-HT nhúng & IoT (nhóm 2)-K68S) | AE3: Giảng dạy trực tiếp (Offline) | AK3: -
A4: Trường Điện - Điện tử | B4: 20251 | C4: 161852 | D4: =VALUE(C4) -> 161852 | E4: JP2123 | F4: Tiếng Nhật 5 | G4: Đàm Hoàng Giang | H4: 4(0-8-0-8) | I4: **CTTT-HT nhúng & IoT (nhóm 1)-K68S, **CTTT-HT nhúng & IoT (nhóm 1)-K68S | J4: CTTT | K4: AB | L4: 21 | M4: 22 | N4: LT+BT | O4: - | P4: - | Q4: =LEFT(T4,9) -> Sáng T2: | R4: Sáng | T4: Sáng T2: Tiết 1-2 , Địa điểm: C7-225, Tuần: 2-9,11-19 Sáng T3: Tiết 1-2 , Địa điểm: C7-225, Tuần: 2-9,11-19 Sáng T5: Tiết 1-2 , Địa điểm: C7-225, Tuần: 2-9,11-19 Sáng T6: Tiết 1-2 , Địa điểm: C7-225, Tuần: 2-9,11-19 | U4: 4,611,612,2-9,11-19,C7-225;3,511,512,2-9,11-19,C7-225;2,311,312,2-9,11-19,C7-225;1,211,212,2-9,11-19,C7-225 | V4: C7-225, C7-225, C7-225, C7-225 | X4: Khoa Điện tử | Y4: Đàm Hoàng Giang | Z4: invited.lecturer27.soict@hust.edu.vn | AD4: Mở(**CTTT-HT nhúng & IoT (nhóm 1)-K68S) | AE4: Giảng dạy trực tiếp (Offline) | AK4: -
A5: Trường Điện - Điện tử | B5: 20251 | C5: 161854 | D5: =VALUE(C5) -> 161854 | E5: JP2123 | F5: Tiếng Nhật 5 | G5: Đàm Hoàng Giang | H5: 4(0-8-0-8) | I5: **CTTT-HT nhúng & IoT (nhóm 3)-K68S, **CTTT-HT nhúng & IoT (nhóm 3)-K68S | J5: CTTT | K5: AB | L5: 21 | M5: 22 | N5: LT+BT | O5: - | P5: - | Q5: =LEFT(T5,9) -> Sáng T2: | R5: Sáng | T5: Sáng T2: Tiết 5-6 , Địa điểm: C7-225, Tuần: 2-9,11-19 Sáng T3: Tiết 5-6 , Địa điểm: C7-225, Tuần: 2-9,11-19 Sáng T5: Tiết 5-6 , Địa điểm: C7-225, Tuần: 2-9,11-19 Sáng T6: Tiết 5-6 , Địa điểm: C7-225, Tuần: 2-9,11-19 | U5: 4,615,616,2-9,11-19,C7-225;3,515,516,2-9,11-19,C7-225;2,315,316,2-9,11-19,C7-225;1,215,216,2-9,11-19,C7-225 | V5: C7-225, C7-225, C7-225, C7-225 | X5: Khoa Điện tử | Y5: Đàm Hoàng Giang | Z5: invited.lecturer27.soict@hust.edu.vn | AD5: Mở(**CTTT-HT nhúng & IoT (nhóm 3)-K68S) | AE5: Giảng dạy trực tiếp (Offline) | AK5: -
A6: Trường Điện - Điện tử | B6: 20251 | C6: 161662 | D6: =VALUE(C6) -> 161662 | E6: ET4596E | F6: Tin sinh học | G6: Lê Đức Hậu (0.7) - Dương Trọng Lượng (0.3) | H6: 3(3-1-0-6) | I6: **CTTT-KT y sinh-K67C, **CTTT-KT y sinh-K67C | J6: CTTT | K6: AB | L6: 13 | M6: 15 | N6: LT+BT | O6: - | P6: - | Q6: =LEFT(T6,9) -> Chiều T5 | R6: Chiều | T6: Chiều T5: Tiết 1-4 , Địa điểm: C7-108, Tuần: 2-9,11-19 | U6: 1,521,524,2-9,11-19,C7-108 | V6: C7-108 | X6: Khoa Khoa học Máy tính | Y6: Lê Đức Hậu (0.7) - Dương Trọng Lượng (0.3) | Z6: hau.leduc@hust.edu.vnluong.duongtrong@hust.edu.vn | AA6: 09123245640967008876 | AC6: Trần Anh Vũ | AD6: Mở(**CTTT-KT y sinh-K67C) | AE6: Giảng dạy trực tiếp (Offline) | AF6: s8uwaxk | AK6: -
A7: Trường Công nghệ Thông tin và Truyền thông | B7: 20251 | C7: IT4043E-BS2025.1IT | D7: =VALUE(C7) -> #VALUE! | E7: IT4043E | F7: Big Data Storage and Processing- BS2025.1IT | G7: Trần Văn Đặng | H7: 3(3-1-0-6) | I7: Học phần bổ sung, | J7: ThSKH | K7: AB | L7: 1 | N7: DA | O7: - | P7: - | Q7: =LEFT(T7,9) | R7: =LEFT(Q7,5) | X7: Khoa Khoa học Máy tính | Y7: Trần Văn Đặng | Z7: dang.tranvan1@hust.edu.vn | AA7: 0948181948 | AC7: Trần Việt Trung | AD7: Mở | AE7: Giảng dạy trực tiếp (Offline) | AK7: -
A8: Trường Công nghệ Thông tin và Truyền thông | B8: 20251 | C8: IT4735-BS2025.1IT | D8: =VALUE(C8) -> #VALUE! | E8: IT4735 | F8: IoT và ứng dụng | G8: Nguyễn Đình Thuận (0.0) - Phạm Ngọc Hưng (0.0) | H8: 2(2-1-0-4) | I8: Học phần bổ sung, | J8: ThSKH | K8: AB | L8: 6 | N8: DA | O8: - | P8: - | Q8: =LEFT(T8,9) | R8: =LEFT(Q8,5) | X8: Khoa Kỹ thuật Máy tính | Y8: Nguyễn Đình Thuận (0.0) - Phạm Ngọc Hưng (0.0) | Z8: thuan.nguyendinh@hust.edu.vnhung.phamngoc1@hust.edu.vn | AA8: 09666143960985410656 | AC8: Phạm Ngọc Hưng | AD8: Mở | AE8: Giảng dạy trực tiếp (Offline) | AH8: Giao bài tập lớn/tiểu luận kết hợp vấn đáp | AK8: -
A9: Trường Công nghệ Thông tin và Truyền thông | B9: 20251 | C9: IT5421-1-25-2 (25.1B01) | D9: =VALUE(C9) -> #VALUE! | E9: IT5421 | F9: Chuyên đề nghiên cứu 01 | G9: Đinh Thị Hà Ly (0.5) - Tạ Duy Hoàng (0.5) | H9: 2(2-1-0-4) | I9: , Học phần thạc sĩ | J9: ThSKH | K9: AB | L9: 34 | M9: 60 | N9: LT+BT | O9: - | P9: - | Q9: =LEFT(T9,9) -> Chiều T2 | R9: Chiều | T9: Chiều T2: Tiết 3-6 , Địa điểm: B1-404, Tuần: Thầy Hoàng các ngày: 17, 22, 24, 29 và 31/12 Tối T5: Tiết 1-4 , Địa điểm: B1-404, Tuần: Cô Ly các ngày: 2, 8, 9, 15, 16/1 | V9: B1-404, B1-404 | X9: Khoa Khoa học Máy tính | Y9: Đinh Thị Hà Ly (0.5) - Tạ Duy Hoàng (0.5) | Z9: ly.dinhthiha@hust.edu.vnHoang.TaDuy@hust.edu.vn | AA9: 09720013260878507175 | AD9: Mở(Học phần thạc sĩ) | AE9: Giảng dạy trực tiếp (Offline) | AG9: i4e8gly | AK9: -
A10: Trường Công nghệ Thông tin và Truyền thông | B10: 20251 | C10: 755079 | D10: =VALUE(C10) -> 755079 | E10: IT3070 | F10: NGUYÊN LÝ HỆ ĐIỀU HÀNH | G10: Đỗ Quốc Huy | H10: 3(3-1-0-6) | I10: , B2CQ-CNTT02-K69 | J10: VB2 | K10: AB | L10: 46 | M10: 44 | N10: LT+BT | O10: - | P10: - | Q10: =LEFT(T10,9) -> Tối T2: | R10: =LEFT(Q10,5) -> Tối | T10: Tối T2: Tiết 1-4 , Địa điểm: TC 207, Tuần: 15 -17 Tối T3: Tiết 1-4 , Địa điểm: TC 207, Tuần: 15 -17 Tối T4: Tiết 1-4 , Địa điểm: TC 207, Tuần: 15 -17 Tối T5: Tiết 1-4 , Địa điểm: TC 207, Tuần: 15 -17 Tối T6: Tiết 1-4 , Địa điểm: TC 207, Tuần: 15 -17 Sáng T7: Tiết 1-4 , Địa điểm: TC 207, Tuần: 15 -17 Chiều T7: Tiết 1-4 , Địa điểm: TC 207, Tuần: 15 -17 | V10: TC 207, TC 207, TC 207, TC 207, TC 207, TC 207, TC 207 | Y10: Đỗ Quốc Huy | Z10: huy.doquoc@hust.edu.vn | AA10: 0936356172 | AC10: Phạm Đăng Hải | AD10: Mở(B2CQ-CNTT02-K69) | AE10: Học tập dựa trên dự án (Project-based learning) | AK10: -
A11: Trường Công nghệ Thông tin và Truyền thông | B11: 20251 | C11: 756990 | D11: =VALUE(C11) -> 756990 | E11: IT1140 | F11: Tin học đại cương | G11: Phạm Quang Hiếu | I11: IT1140- CT Chuẩn K69-N64, | J11: CN | K11: AB | L11: 34 | M11: 37 | N11: TN | O11: - | P11: - | Q11: =LEFT(T11,9) -> Sáng T5: | R11: Sáng | S11: T5 | T11: Sáng T5: Tiết 645-915 , Địa điểm: B1-107, Tuần: 9,12,14,16,18 | U11: 1,510645,510915,9,12,14,16,18,B1-107; | V11: B1-107 | X11: Trung tâm Máy tính và Thực hành | Y11: Phạm Quang Hiếu | Z11: Hieu.PhamQuang@hust.edu.vn | AA11: 0388273219 | AB11: Lê Minh Kiệt | AC11: Ngô Lam Trung | AD11: Mở | AE11: Giảng dạy trực tiếp (Offline) | AK11: -
A12: Trường Công nghệ Thông tin và Truyền thông | B12: 20251 | C12: IT4868-1-25-2 (25.1B01) | D12: =VALUE(C12) -> #VALUE! | E12: IT4868 | F12: Khai phá Web | G12: Dương Quang Huy | H12: 3(3-1-0-6) | I12: , Học phần thạc sĩ | J12: ThSKH | K12: AB | L12: 44 | M12: 60 | N12: LT+BT | O12: - | P12: - | Q12: =LEFT(T12,9) -> Sáng T7: | R12: Sáng | T12: Sáng T7: Tiết 2-6 , Địa điểm: C7-236, Tuần: 29/11 - 31/1 | V12: C7-236 | X12: Khoa Khoa học Máy tính | Y12: Dương Quang Huy | Z12: huy.duongquang@hust.edu.vn | AA12: 0971691246 | AC12: Lê Thanh Hương | AD12: Mở(Học phần thạc sĩ) | AE12: Giảng dạy trực tiếp (Offline) | AG12: 6hhqtbj | AK12: -
A13: Trường Công nghệ Thông tin và Truyền thông | B13: 20251 | C13: IT4527-1-25-2 (25.1B01) | D13: =VALUE(C13) -> #VALUE! | E13: IT4527 | F13: BlockChain và ứng dụng | G13: Trần Vĩnh Đức | H13: 2(2-1-0-4) | I13: , Học phần thạc sĩ | J13: ThSKH | K13: AB | L13: 22 | M13: 60 | N13: LT+BT | O13: - | P13: - | Q13: =LEFT(T13,9) -> Sáng T7: | R13: Sáng | T13: Sáng T7: Tiết 2-6 , Địa điểm: B1-403, Tuần: 13/12, 20/12, 27/12, 03/01, 10/01, 17/01, 24/01 | V13: B1-403 | X13: Khoa Khoa học Máy tính | Y13: Trần Vĩnh Đức | Z13: duc.tranvinh@hust.edu.vn | AA13: 0828232275 | AC13: Nguyễn Bình Minh | AD13: Mở(Học phần thạc sĩ) | AE13: Giảng dạy trực tiếp (Offline) | AG13: eqgmc3z | AK13: -
A14: Trường Công nghệ Thông tin và Truyền thông | B14: 20251 | C14: 161332 | D14: =VALUE(C14) -> 161332 | E14: JP3110 | F14: Tiếng Nhật chuyên ngành 1 | G14: Lê Quang Duy | H14: 2(0-4-0-4) | I14: *Việt Nhật K68-7S, *Việt Nhật K68-7S | J14: HEDSPI | K14: AB | L14: 40 | M14: 39 | N14: BT | O14: - | P14: - | Q14: =LEFT(T14,9) -> Sáng T4: | R14: Sáng | S14: T4 | T14: Sáng T4: Tiết 5-6 , Địa điểm: B1-202, Tuần: 2-9,11-19 Chiều T4: Tiết 1-2 , Địa điểm: B1-202, Tuần: 2-9,11-19 | U14: 2,421,422,2-9,11-19,B1-203;1,415,416,2-9,11-19,B1-203 | V14: B1-202, B1-202 | X14: Văn phòng Trường Công nghệ Thông tin và Truyền thông | Y14: Lê Quang Duy | Z14: le.quang.duy@sun-asterisk.com | AC14: Nguyễn Phi Lê, Lê Quang Duy | AD14: Mở(*Việt Nhật K68-7S) | AE14: Giảng dạy trực tiếp (Offline) | AH14: Thi viết (thi tập trung) | AJ14: X | AK14: -
A15: Trường Công nghệ Thông tin và Truyền thông | B15: 20251 | C15: 161331 | D15: =VALUE(C15) -> 161331 | E15: JP3110 | F15: Tiếng Nhật chuyên ngành 1 | G15: Lê Quang Duy | H15: 2(0-4-0-4) | I15: *Việt Nhật K68-6C, *Việt Nhật K68-6C | J15: HEDSPI | K15: AB | L15: 40 | M15: 39 | N15: BT | O15: - | P15: - | Q15: =LEFT(T15,9) -> Chiều T3 | R15: Chiều | S15: T3 | T15: Chiều T3: Tiết 3-6 , Địa điểm: B1-202, Tuần: 2-9,11-19 | U15: 1,323,326,2-9,11-19,B1-203 | V15: B1-202 | X15: Văn phòng Trường Công nghệ Thông tin và Truyền thông | Y15: Lê Quang Duy | Z15: le.quang.duy@sun-asterisk.com | AC15: Nguyễn Phi Lê, Lê Quang Duy | AD15: Mở(*Việt Nhật K68-6C) | AE15: Giảng dạy trực tiếp (Offline) | AH15: Thi viết (thi tập trung) | AJ15: X | AK15: -
A16: Trường Công nghệ Thông tin và Truyền thông | B16: 20251 | C16: 161328 | D16: =VALUE(C16) -> 161328 | E16: JP3110 | F16: Tiếng Nhật chuyên ngành 1 | G16: Lê Quang Duy | H16: 2(0-4-0-4) | I16: *Việt Nhật K68-3S, | J16: HEDSPI | K16: AB | L16: 40 | M16: 39 | N16: BT | O16: - | P16: - | Q16: =LEFT(T16,9) -> Sáng T3: | R16: Sáng | S16: T3 | T16: Sáng T3: Tiết 5-6 , Địa điểm: B1-202, Tuần: 2-9,11-19 Chiều T3: Tiết 1-2 , Địa điểm: B1-202, Tuần: 2-9,11-19 | U16: 2,321,322,2-9,11-19,B1-203;1,315,316,2-9,11-19,B1-203 | V16: B1-202, B1-202 | X16: Văn phòng Trường Công nghệ Thông tin và Truyền thông | Y16: Lê Quang Duy | Z16: le.quang.duy@sun-asterisk.com | AC16: Nguyễn Phi Lê, Lê Quang Duy | AD16: Mở | AE16: Giảng dạy trực tiếp (Offline) | AH16: Thi viết (thi tập trung) | AJ16: X | AK16: -
A17: Trường Công nghệ Thông tin và Truyền thông | B17: 20251 | C17: 761441 | D17: =VALUE(C17) -> 761441 | E17: IT5030E | F17: Graduation research 3 | H17: 3(0-0-6-6) | I17: , ICT mở cho SV học chậm, học lại | J17: CTTT | K17: AB | L17: 1 | M17: 10 | N17: DA | O17: - | P17: - | Q17: =LEFT(T17,9) | R17: =LEFT(Q17,5) | X17: Trường Công nghệ Thông tin và Truyền thông | AD17: Mở(ICT mở cho SV học chậm, học lại) | AE17: Giảng dạy trực tiếp (Offline) | AK17: -
A18: Trường Công nghệ Thông tin và Truyền thông | B18: 20251 | C18: 761447 | D18: =VALUE(C18) -> 761447 | E18: IT4940Q | F18: Project 3: Thiết kế và quản trị HTTT | H18: 3(0-0-6-12) | I18: , SIE | J18: SIE | K18: AB | L18: 1 | M18: 1 | N18: DA | O18: - | P18: - | Q18: =LEFT(T18,9) | R18: =LEFT(Q18,5) | X18: Trường Công nghệ Thông tin và Truyền thông | AD18: Mở(SIE) | AE18: Giảng dạy trực tiếp (Offline) | AK18: -
A19: Trường Công nghệ Thông tin và Truyền thông | B19: 20251 | C19: 761314 | D19: =VALUE(C19) -> 761314 | E19: IT3804 | F19: Thực tập doanh nghiệp | H19: 2(0-0-6-4) | I19: , CT KSCLC (mở cho sv học chậm, học lại) | J19: KSCLC | K19: AB | L19: 1 | M19: 1 | N19: TT | O19: - | P19: - | Q19: =LEFT(T19,9) | R19: =LEFT(Q19,5) | X19: Trường Công nghệ Thông tin và Truyền thông | AD19: Mở(CT KSCLC (mở cho sv học chậm, học lại)) | AE19: Giảng dạy trực tiếp (Offline) | AK19: -
A20: Trường Công nghệ Thông tin và Truyền thông | B20: 20251 | C20: 761346 | D20: =VALUE(C20) -> 761346 | E20: IT2000 | F20: Nhập môn CNTT và TT | G20: Phạm Quang Hiếu | H20: 3(2-0-2-6) | I20: IT2000-(KHDL+ATKGS)-K70-N03, IT2000-(KHDL+ATKGS)-K70-N03 | J20: CTTT | K20: AB | L20: 35 | M20: 37 | N20: TN | O20: - | P20: - | Q20: =LEFT(T20,9) -> Sáng T2: | R20: Sáng | S20: T2 | T20: Sáng T2: Tiết 645-1145 , Địa điểm: B1-107, Tuần: 4,5,6,10,11 | V20: B1-107 | X20: Trung tâm Máy tính và Thực hành | Y20: Phạm Quang Hiếu | Z20: Hieu.PhamQuang@hust.edu.vn | AA20: 0388273219 | AB20: Hoàng Yến Nhi | AC20: Lê Thanh Hương | AD20: Mở(IT2000-(KHDL+ATKGS)-K70-N03) | AE20: Giảng dạy trực tiếp (Offline) | AH20: Thi trên máy tính | AJ20: X | AK20: -
A21: Trường Công nghệ Thông tin và Truyền thông | B21: 20251 | C21: 761347 | D21: =VALUE(C21) -> 761347 | E21: IT2000 | F21: Nhập môn CNTT và TT | G21: Trần Thị Dung | H21: 3(2-0-2-6) | I21: IT2000-(KHDL+ATKGS)-K70-N04, IT2000-(KHDL+ATKGS)-K70-N04 | J21: CTTT | K21: AB | L21: 31 | M21: 37 | N21: TN | O21: - | P21: - | Q21: =LEFT(T21,9) -> Sáng T4: | R21: Sáng | S21: T4 | T21: Sáng T4: Tiết 645-1145 , Địa điểm: B1-107, Tuần: 4,5,6,10,11 | V21: B1-107 | X21: Trung tâm Máy tính và Thực hành | Y21: Trần Thị Dung | Z21: dung.tranthi@hust.edu.vn | AA21: 0989161528 | AB21: Nguyễn Quý Đức | AC21: Lê Thanh Hương | AD21: Mở(IT2000-(KHDL+ATKGS)-K70-N04) | AE21: Giảng dạy trực tiếp (Offline) | AG21: xwpwazm | AH21: Thi trên máy tính | AJ21: X | AK21: -
A22: Trường Công nghệ Thông tin và Truyền thông | B22: 20251 | C22: 761345 | D22: =VALUE(C22) -> 761345 | E22: IT2000 | F22: Nhập môn CNTT và TT | I22: , IT2000-(KHDL+ATKGS)-K70-N02 | J22: CTTT | K22: AB | L22: 0 | M22: 37 | N22: TN | O22: - | P22: - | Q22: =LEFT(T22,9) -> Sáng T3: | R22: Sáng | S22: T3 | T22: Sáng T3: Tiết 645-1145 , Địa điểm: B1-106, Tuần: 4,5,6,7,10 | V22: B1-106 | X22: Trung tâm Máy tính và Thực hành | AB22: Nguyễn Minh Tiến | AC22: Lê Thanh Hương | AD22: Mở(IT2000-(KHDL+ATKGS)-K70-N02) | AE22: Giảng dạy trực tiếp (Offline) | AH22: Thi trên máy tính | AJ22: X | AK22: -
A23: Trường Công nghệ Thông tin và Truyền thông | B23: 20251 | C23: 761344 | D23: =VALUE(C23) -> 761344 | E23: IT2000 | F23: Nhập môn CNTT và TT | G23: Nguyễn An Hưng | H23: 3(2-0-2-6) | I23: IT2000-(KHDL+ATKGS)-K70-N01, IT2000-(KHDL+ATKGS)-K70-N01 | J23: CTTT | K23: AB | L23: 30 | M23: 37 | N23: TN | O23: - | P23: - | Q23: =LEFT(T23,9) -> Sáng T4: | R23: Sáng | S23: T4 | T23: Sáng T4: Tiết 645-1145 , Địa điểm: B1-106, Tuần: 4,5,6,10,11 | V23: B1-106 | X23: Trung tâm Máy tính và Thực hành | Y23: Nguyễn An Hưng | Z23: hung.nguyenan@hust.edu.vn | AA23: 0972794554 | AB23: Ma Ngọc Thắng | AC23: Lê Thanh Hương | AD23: Mở(IT2000-(KHDL+ATKGS)-K70-N01) | AE23: Giảng dạy trực tiếp (Offline) | AH23: Thi trên máy tính | AJ23: X | AK23: -
A24: Trường Công nghệ Thông tin và Truyền thông | B24: 20251 | C24: 761348 | D24: =VALUE(C24) -> 761348 | E24: IT2000 | F24: Nhập môn CNTT và TT | G24: Phạm Thanh Liêm | H24: 3(2-0-2-6) | I24: IT2000-(KHDL+ATKGS)-K70-N05, IT2000-(KHDL+ATKGS)-K70-N05 | J24: CTTT | K24: AB | L24: 31 | M24: 37 | N24: TN | O24: - | P24: - | Q24: =LEFT(T24,9) -> Sáng T4: | R24: Sáng | S24: T4 | T24: Sáng T4: Tiết 645-1145 , Địa điểm: B1-108, Tuần: 4,5,6,10,11 | V24: B1-108 | X24: Trung tâm Máy tính và Thực hành | Y24: Phạm Thanh Liêm | Z24: liem.phamthanh@hust.edu.vn | AA24: 0912151204 | AB24: Phạm Nguyễn Khánh Minh | AC24: Lê Thanh Hương | AD24: Mở(IT2000-(KHDL+ATKGS)-K70-N05) | AE24: Giảng dạy trực tiếp (Offline) | AG24: 2x2avv3 | AH24: Thi trên máy tính | AJ24: X | AK24: -
A25: Trường Công nghệ Thông tin và Truyền thông | B25: 20251 | C25: 761485 | D25: =VALUE(C25) -> 761485 | E25: IT1108 | F25: Nhập môn lập trình | I25: , IT1108-(KHMT+KTMT) K70-N16 | J25: CN | K25: AB | L25: 0 | M25: 39 | N25: TN | O25: - | P25: - | Q25: =LEFT(T25,9) -> Sáng T6: | R25: Sáng | S25: T6 | T25: Sáng T6: Tiết 645-1145 , Địa điểm: B1-108, Tuần: 8,10,15,17,19 | V25: B1-108 | AC25: Ngô Lam Trung | AD25: Mở(IT1108-(KHMT+KTMT) K70-N16) | AE25: Giảng dạy trực tiếp (Offline) | AK25: -
A26: Trường Công nghệ Thông tin và Truyền thông | B26: 20251 | C26: 761387 | D26: =VALUE(C26) -> 761387 | E26: IT4182 | F26: Thực hành xây dựng chương trình dịch | G26: Phạm Đăng Hải | H26: 2(0-0-4-4) | I26: , Lớp dạng Project base | J26: CTTT | K26: AB | L26: 1 | M26: 1 | N26: DA | O26: - | P26: - | Q26: =LEFT(T26,9) | R26: =LEFT(Q26,5) | X26: Khoa Khoa học Máy tính | Y26: Phạm Đăng Hải | Z26: hai.phamdang@hust.edu.vn | AA26: 0913537715 | AD26: Mở(Lớp dạng Project base) | AE26: Giảng dạy trực tiếp (Offline) | AK26: -
A27: Trường Công nghệ Thông tin và Truyền thông | B27: 20251 | C27: 761386 | D27: =VALUE(C27) -> 761386 | E27: IT4422 | F27: Phát triển Hệ thống phần mềm doanh nghiệp | G27: Lê Tấn Hùng | H27: 3(3-1-0-6) | I27: , Lớp dạng Project base | J27: CTTT | K27: AB | L27: 1 | M27: 1 | N27: DA | O27: - | P27: - | Q27: =LEFT(T27,9) | R27: =LEFT(Q27,5) | X27: Khoa Khoa học Máy tính | Y27: Lê Tấn Hùng | Z27: hung.letan@hust.edu.vn | AA27: 0913030731 | AC27: Lê Tấn Hùng | AD27: Mở(Lớp dạng Project base) | AE27: Giảng dạy trực tiếp (Offline) | AK27: -
A28: Trường Công nghệ Thông tin và Truyền thông | B28: 20251 | C28: 761388 | D28: =VALUE(C28) -> 761388 | E28: IT4343E | F28: Computer Vision | G28: Nguyễn Thị Oanh | H28: 3(3-1-0-6) | I28: , Lớp dạng Project base | J28: CTTT | K28: AB | L28: 1 | M28: 1 | N28: DA | O28: - | P28: - | Q28: =LEFT(T28,9) | R28: =LEFT(Q28,5) | X28: Khoa Khoa học Máy tính | Y28: Nguyễn Thị Oanh | Z28: oanh.nguyenthi@hust.edu.vn | AA28: 0943206566 | AC28: Nguyễn Thị Oanh | AD28: Mở(Lớp dạng Project base) | AE28: Học tập dựa trên dự án (Project-based learning) | AH28: Thi trên máy tính | AJ28: X | AK28: -
A29: Trường Công nghệ Thông tin và Truyền thông | B29: 20251 | C29: 761385 | D29: =VALUE(C29) -> 761385 | E29: IT4868 | F29: Khai phá Web | G29: Nguyễn Kiêm Hiếu | H29: 3(3-1-0-6) | I29: , Lớp dạng Project base | J29: CTTT | K29: AB | L29: 1 | M29: 1 | N29: DA | O29: - | P29: - | Q29: =LEFT(T29,9) | R29: =LEFT(Q29,5) | X29: Khoa Khoa học Máy tính | Y29: Nguyễn Kiêm Hiếu | Z29: hieu.nguyenkiem@hust.edu.vn | AA29: 0964596784 | AC29: Lê Thanh Hương | AD29: Mở(Lớp dạng Project base) | AE29: Giảng dạy trực tiếp (Offline) | AK29: -
A30: Trường Công nghệ Thông tin và Truyền thông | B30: 20251 | C30: 761268 | D30: =VALUE(C30) -> 761268 | E30: IT5448 | F30: Đồ án chuyên ngành 1 | H30: 2(0-0-4-8) | I30: , KSCS- Kỹ thuật Ô tô số | J30: KSCS | K30: AB | L30: 35 | M30: 50 | N30: DA | O30: - | P30: - | Q30: =LEFT(T30,9) | R30: =LEFT(Q30,5) | X30: Khoa Kỹ thuật Máy tính | AD30: Mở(KSCS- Kỹ thuật Ô tô số) | AE30: Giảng dạy trực tiếp (Offline) | AK30: -
A31: Trường Công nghệ Thông tin và Truyền thông | B31: 20251 | C31: 761245 | D31: =VALUE(C31) -> 761245 | E31: IT5001 | F31: Thực tập kỹ sư | H31: 3(0-0-6-12) | I31: , Hệ Chuẩn (mở cho sinh viên học chậm, học lại) | J31: KSCQ | K31: AB | L31: 1 | M31: 1 | N31: TT | O31: - | P31: - | Q31: =LEFT(T31,9) | R31: =LEFT(Q31,5) | AD31: Mở(Hệ Chuẩn (mở cho sinh viên học chậm, học lại)) | AE31: Giảng dạy trực tiếp (Offline) | AK31: -
A32: Trường Công nghệ Thông tin và Truyền thông | B32: 20251 | C32: 761398 | D32: =VALUE(C32) -> 761398 | E32: IT3170 | F32: Thuật toán ứng dụng | I32: , IT3170-(KHMT + KTMT) K68-N14 | J32: CN | K32: AB | L32: 0 | M32: 37 | N32: TN | O32: - | P32: - | Q32: =LEFT(T32,9) -> Sáng T2: | R32: Sáng | S32: T2 | T32: Sáng T2: Tiết 645-915 , Địa điểm: B1-107, Tuần: 7,9,12,14,16 | V32: B1-107 | X32: Trường Công nghệ Thông tin và Truyền thông | AC32: Phạm Quang Dũng | AD32: Mở(IT3170-(KHMT + KTMT) K68-N14) | AE32: Giảng dạy trực tiếp (Offline) | AH32: Thi trên máy tính | AJ32: X | AK32: -
A33: Trường Công nghệ Thông tin và Truyền thông | B33: 20251 | C33: 761084 | D33: =VALUE(C33) -> 761084 | E33: IT4126E | F33: Đồ án tốt nghiệp | H33: 6(0-0-12-24) | I33: CT ATKGS (mở cho sinh viên học chậm, học lại), CT ATKGS (mở cho sinh viên học chậm, học lại) | J33: CTTT | K33: AB | L33: 13 | M33: 30 | N33: DATN | O33: - | P33: - | Q33: =LEFT(T33,9) | R33: =LEFT(Q33,5) | X33: Trường Công nghệ Thông tin và Truyền thông | AC33: Trần Quang Đức | AD33: Mở(CT ATKGS (mở cho sinh viên học chậm, học lại)) | AE33: Giảng dạy trực tiếp (Offline) | AK33: -
A34: Trường Công nghệ Thông tin và Truyền thông | B34: 20251 | C34: 755074 | D34: =VALUE(C34) -> 755074 | E34: IT3080 | F34: Mạng máy tính | G34: Bành Thị Quỳnh Mai | H34: 3(3-0-1-6) | I34: , B2CQ-CNTT01-K69 | J34: VB2 | K34: AB | L34: 69 | M34: 67 | N34: LT+BT | O34: - | P34: - | Q34: =LEFT(T34,9) -> Tối T2: | R34: =LEFT(Q34,5) -> Tối | T34: Tối T2: Tiết 1-4 , Địa điểm: TC 211, Tuần: 14-16 Tối T3: Tiết 1-4 , Địa điểm: TC 211, Tuần: 14-16 Tối T4: Tiết 1-4 , Địa điểm: TC 211, Tuần: 14-16 Tối T5: Tiết 1-4 , Địa điểm: TC 211, Tuần: 14-16 Tối T6: Tiết 1-4 , Địa điểm: TC 211, Tuần: 14-16 Sáng T7: Tiết 1-4 , Địa điểm: TC 211, Tuần: 14-16 Chiều T7: Tiết 1-4 , Địa điểm: TC 211, Tuần: 14-16 | V34: TC 211, TC 211, TC 211, TC 211, TC 211, TC 211, TC 211 | Y34: Bành Thị Quỳnh Mai | Z34: mai.banhthiquynh@hust.edu.vn | AA34: 0912640079 | AC34: Trương Thị Diệu Linh, Phạm Huy Hoàng | AD34: Mở(B2CQ-CNTT01-K69) | AE34: Giảng dạy trực tiếp (Offline) | AK34: -
A35: Trường Công nghệ Thông tin và Truyền thông | B35: 20251 | C35: 755073 | D35: =VALUE(C35) -> 755073 | E35: IT4480 | F35: Làm việc nhóm và kỹ năng giao tiếp | G35: Lê Thị Hoa | H35: 2(2-1-0-4) | I35: , B2CQ-CNTT01-K69 | J35: VB2 | K35: AB | L35: 71 | M35: 67 | N35: LT+BT | O35: - | P35: - | Q35: =LEFT(T35,9) -> Tối T3: | R35: =LEFT(Q35,5) -> Tối | T35: Tối T3: Tiết 1-4 , Địa điểm: TC 211, Tuần: 16-18 Tối T4: Tiết 1-4 , Địa điểm: TC 211, Tuần: 16-18 Tối T5: Tiết 1-4 , Địa điểm: TC 211, Tuần: 16-18 Tối T6: Tiết 1-4 , Địa điểm: TC 211, Tuần: 16-18 Sáng T7: Tiết 1-4 , Địa điểm: TC 211, Tuần: 16-18 Chiều T7: Tiết 1-4 , Địa điểm: TC 211, Tuần: 16-18 Tối T2: Tiết 1-4 , Địa điểm: TC 211, Tuần: 16-18 | V35: TC 211, TC 211, TC 211, TC 211, TC 211, TC 211, TC 211 | Y35: Lê Thị Hoa | Z35: hoa.lethi@hust.edu.vn | AA35: 0915229959 | AC35: Lê Đức Trung | AD35: Mở(B2CQ-CNTT01-K69) | AE35: Giảng dạy trực tiếp (Offline) | AK35: -
A36: Trường Công nghệ Thông tin và Truyền thông | B36: 20251 | C36: IT5427-1-25-2 (25.1B01) | D36: =VALUE(C36) -> #VALUE! | E36: IT5427 | F36: AI tạo sinh trong thương mại điện tử và marketing số | G36: Vũ Tuyết Trinh | H36: 3(3-1-0-6) | I36: , Học phần thạc sĩ | J36: ThSKH | K36: AB | L36: 31 | M36: 60 | N36: LT+BT | O36: - | P36: - | Q36: =LEFT(T36,9) -> Tối T2: | R36: =LEFT(Q36,5) -> Tối | T36: Tối T2: Tiết 1-4 , Địa điểm: B1-404, Tuần: 1,8,15,22,29/12; 5,12,19,26/1; Sáng CN: Tiết 1-4 , Địa điểm: B1-404, Tuần: 25/1 | V36: B1-404, B1-404 | X36: Khoa Khoa học Máy tính | Y36: Vũ Tuyết Trinh | Z36: trinh.vutuyet@hust.edu.vn | AA36: 0983371753 | AD36: Mở(Học phần thạc sĩ) | AE36: Giảng dạy trực tiếp (Offline) | AG36: mn90hsf | AK36: -
A37: Trường Công nghệ Thông tin và Truyền thông | B37: 20251 | C37: IT4043E-1-25-2 (25.1B01) | D37: =VALUE(C37) -> #VALUE! | E37: IT4043E | F37: Big Data Storage and Processing | G37: Tạ Duy Hoàng | H37: 3(3-1-0-6) | I37: , Học phần thạc sĩ | J37: ThSKH | K37: AB | L37: 50 | M37: 60 | N37: LT+BT | O37: - | P37: - | Q37: =LEFT(T37,9) -> Sáng T2: | R37: Sáng | T37: Sáng T2: Tiết 1-4 , Địa điểm: C7-226, Tuần: 1/12, 8/12, 22/12, 29/12, 5/1, 12/1, 19/1, 26/1. Sáng T5: Tiết 1-4 , Địa điểm: C7-226, Tuần: 8/1, 15/1, 22/1 | V37: C7-226, C7-226 | X37: Khoa Khoa học Máy tính | Y37: Tạ Duy Hoàng | Z37: Hoang.TaDuy@hust.edu.vn | AA37: 0878507175 | AC37: Trần Việt Trung | AD37: Mở(Học phần thạc sĩ) | AE37: Giảng dạy trực tiếp (Offline) | AG37: iobhla1 | AK37: -
A38: Trường Công nghệ Thông tin và Truyền thông | B38: 20251 | C38: 161388 | D38: =VALUE(C38) -> 161388 | E38: IT3230 | F38: Lập trình C cơ bản | G38: Nguyễn Tiến Thành | H38: 2(0-4-0-4) | I38: *Việt Nhật K69 -3S, | J38: HEDSPI | K38: AB | L38: 39 | M38: 40 | N38: BT | O38: - | P38: - | Q38: =LEFT(T38,9) -> Sáng T2: | R38: Sáng | S38: T2 | T38: Sáng T2: Tiết 5-6 , Địa điểm: B1-207, Tuần: 2-9,11-19 Chiều T2: Tiết 1-2 , Địa điểm: B1-207, Tuần: 2-9,11-19 | U38: 2,221,222,2-9,11-19,B1-207;1,215,216,2-9,11-19,B1-207 | V38: B1-207, B1-207 | X38: Khoa Khoa học Máy tính | Y38: Nguyễn Tiến Thành | Z38: thanh.nguyentien2@hust.edu.vn | AA38: 0987768886 | AC38: Phạm Quang Dũng | AD38: Mở | AE38: Giảng dạy trực tiếp (Offline) | AF38: https://teams.microsoft.com/l/team/19%3Ainh-OL9I_5labsxWxr0cQXHOn9FlavEaQlKanw9VqzE1%40thread.tacv2/conversations?groupId=0d48bc2b-754d-486f-ab2e-92488c5b61da&tenantId=06f1b89f-07e8-464f-b408-ec1b45703f31 | AG38: eclza72 | AH38: Thi trên máy tính | AJ38: X | AK38: -
A39: Trường Công nghệ Thông tin và Truyền thông | B39: 20251 | C39: IT5305E-1-25-2 (25.1B01) | D39: =VALUE(C39) -> #VALUE! | E39: IT5305E | F39: Data Entrepreneurship in Action | G39: Vũ Văn Thiệu (0.5) - Nguyễn Bình Minh (0.5) | H39: 3(3-1-0-6) | I39: , Học phần thạc sĩ | J39: ThSKH | K39: AB | L39: 61 | M39: 60 | N39: LT+BT | O39: - | P39: - | Q39: =LEFT(T39,9) -> Sáng T7: | R39: Sáng | T39: Sáng T7: Tiết 2-6 , Địa điểm: C7-223, Tuần: 29/11, 6/12, 13/12, 20/12, 27/12, 3/1, 10/1, 17/1, 24/1 | V39: C7-223 | X39: Khoa Khoa học Máy tính | Y39: Vũ Văn Thiệu (0.5) - Nguyễn Bình Minh (0.5) | Z39: thieu.vuvan@hust.edu.vnminh.nguyenbinh@hust.edu.vn | AA39: 09829283070967995584 | AD39: Mở(Học phần thạc sĩ) | AE39: Giảng dạy trực tiếp (Offline) | AG39: ibw3onn | AK39: -
A40: Trường Công nghệ Thông tin và Truyền thông | B40: 20251 | C40: IT4922-1-25-2 (25.1B01) | D40: =VALUE(C40) -> #VALUE! | E40: IT4922 | F40: Mạng thế hệ sau | G40: Đinh Thị Hà Ly (0.25) - Trịnh Văn Chiến (0.5) - Trương Thị Diệu Linh (0.25) | H40: 2(2-1-0-4) | I40: , Học phần thạc sĩ | J40: ThSKH | K40: AB | L40: 27 | M40: 60 | N40: LT+BT | O40: - | P40: - | Q40: =LEFT(T40,9) -> Tối T2: | R40: =LEFT(Q40,5) -> Tối | T40: Tối T2: Tiết 1-4 , Địa điểm: B1-404, Tuần: tối 18h-21h cô Ly : 20h30 (24/11, 28/11) Sáng T7: Tiết 2-6 , Địa điểm: B1-403, Tuần: Cô Linh: Thứ 7 tiết 3-6 (sáng): 29/11, 6/12 (online) Sáng CN: Tiết 2-4 , Địa điểm: B1-403, Tuần: Thầy Chiến: Chủ nhật 8h-12h (sáng): 23/11, 30/11, 7/12 | V40: B1-404, B1-403, B1-403 | X40: Khoa Kỹ thuật Máy tính | Y40: Đinh Thị Hà Ly (0.25) - Trịnh Văn Chiến (0.5) - Trương Thị Diệu Linh (0.25) | Z40: ly.dinhthiha@hust.edu.vnchien.trinhvan@hust.edu.vnlinh.truongthidieu@hust.edu.vn | AA40: 097200132608546909170949455961 | AC40: Trương Thị Diệu Linh | AD40: Mở(Học phần thạc sĩ) | AE40: Giảng dạy trực tiếp (Offline) | AF40: uc2tkhh | AG40: uc2tkhh | AK40: -
A41: Trường Công nghệ Thông tin và Truyền thông | B41: 20251 | C41: IT6012-1-25-2 (25.1B01) | D41: =VALUE(C41) -> #VALUE! | E41: IT6012 | F41: Các giải pháp an ninh cho mạng doanh nghiệp | G41: Tống Văn Vạn (0.5) - Nguyễn Đức Toàn (0.5) | H41: 3(3-1-0-6) | I41: , Học phần thạc sĩ | J41: ThSKT | K41: AB | L41: 26 | M41: 60 | N41: LT+BT | O41: - | P41: - | Q41: =LEFT(T41,9) -> Sáng T7: | R41: Sáng | T41: Sáng T7: Tiết 2-6 , Địa điểm: B1-404, Tuần: 22/11, 29/11, 6/12, 13/12, 20/12, 27/12, 03/01, 10/01, 17/01 | V41: B1-404 | X41: Khoa Kỹ thuật Máy tính | Y41: Tống Văn Vạn (0.5) - Nguyễn Đức Toàn (0.5) | Z41: van.tongvan@hust.edu.vntoan.nguyenduc1@hust.edu.vn | AA41: 09642624250969208565 | AD41: Mở(Học phần thạc sĩ) | AF41: https://teams.microsoft.com/l/team/19%3A6uM0NILxnnmZXY9BeO7-coT5W9awSHWwMh12RRJvyWM1%40thread.tacv2/conversations?groupId=b3223bb4-6cc9-4f47-936f-080cd7387e31&tenantId=06f1b89f-07e8-464f-b408-ec1b45703f31 | AG41: oal6i7i | AK41: -
A42: Trường Công nghệ Thông tin và Truyền thông | B42: 20251 | C42: IT6011-1-25-2 (25.1B01) | D42: =VALUE(C42) -> #VALUE! | E42: IT6011 | F42: Học máy | G42: Nguyễn Thị Kim Anh (0.5) - Đàm Quang Tuấn (0.5) | H42: 2(2-1-0-4) | I42: , Học phần thạc sĩ | J42: ThSKT | K42: AB | L42: 38 | M42: 60 | N42: LT+BT | O42: - | P42: - | Q42: =LEFT(T42,9) -> Sáng CN: | R42: Sáng | T42: Sáng CN: Tiết 2-6 , Địa điểm: B1-404, Tuần: 9/11, 16/11, 23/11, 30/11, 7/12, 14/12 | V42: B1-404 | X42: Khoa Khoa học Máy tính | Y42: Nguyễn Thị Kim Anh (0.5) - Đàm Quang Tuấn (0.5) | Z42: anh.nguyenthikim@hust.edu.vntuan.damquang@hust.edu.vn | AA42: 09788719550966581455 | AD42: Mở(Học phần thạc sĩ) | AK42: -
A43: Trường Công nghệ Thông tin và Truyền thông | B43: 20251 | C43: IT4735-1-25-2 (25.1B01) | D43: =VALUE(C43) -> #VALUE! | E43: IT4735 | F43: IoT và ứng dụng | G43: Phạm Ngọc Hưng (0.5) - Nguyễn Đình Thuận (0.5) | H43: 2(2-1-0-4) | I43: , Học phần thạc sĩ | J43: ThSKH | K43: AB | L43: 66 | M43: 60 | N43: LT+BT | O43: - | P43: - | Q43: =LEFT(T43,9) -> T3: Tiế | R43: =LEFT(Q43,5) -> T3: | T43: T3: Tiết 1-1 , Địa điểm: C7-223, Tuần: Tiết 13-15 (Tối) Thứ 3 hàng tuần 11/11/2025 - 13/1/2026 | V43: C7-223 | X43: Khoa Kỹ thuật Máy tính | Y43: Phạm Ngọc Hưng (0.5) - Nguyễn Đình Thuận (0.5) | Z43: hung.phamngoc1@hust.edu.vnthuan.nguyendinh@hust.edu.vn | AA43: 09854106560966614396 | AC43: Phạm Ngọc Hưng | AD43: Mở(Học phần thạc sĩ) | AE43: Giảng dạy trực tiếp (Offline) | AF43: https://teams.microsoft.com/l/team/19%3ALzIEi1JFW3Z5SFhLw-seljRF-JkgXm1p7IpHwXiDBpo1%40thread.tacv2/conversations?groupId=bb7d4f14-9bde-4d40-a496-cb1255d74142&tenantId=06f1b89f-07e8-464f-b408-ec1b45703f31 | AG43: mwl7d2k | AK43: -
A44: Trường Công nghệ Thông tin và Truyền thông | B44: 20251 | C44: IT4868E-1-25-2 (25.1B01) | D44: =VALUE(C44) -> #VALUE! | E44: IT4868E | F44: Web Mining | G44: Nguyễn Kiêm Hiếu | H44: 3(3-1-0-6) | I44: , Học phần thạc sĩ | J44: ThSKH | K44: AB | L44: 51 | M44: 60 | N44: LT+BT | O44: - | P44: - | Q44: =LEFT(T44,9) -> Chiều T3 | R44: Chiều | T44: Chiều T3: Tiết 2-6 , Địa điểm: C7-226, Tuần: 18/11- 20/1 | V44: C7-226 | X44: Khoa Khoa học Máy tính | Y44: Nguyễn Kiêm Hiếu | Z44: hieu.nguyenkiem@hust.edu.vn | AA44: 0964596784 | AC44: Lê Thanh Hương | AD44: Mở(Học phần thạc sĩ) | AE44: Giảng dạy trực tiếp (Offline) | AG44: rohlch9 | AK44: -
A45: Trường Công nghệ Thông tin và Truyền thông | B45: 20251 | C45: 161278 | D45: =VALUE(C45) -> 161278 | E45: IT3323 | F45: Xây dựng chương trình dịch | G45: Dương Quang Huy | H45: 3(2-2-0-6) | I45: *Việt Nhật K67-9(BT)S, | J45: HEDSPI | K45: AB | L45: 41 | M45: 40 | N45: BT | O45: - | P45: - | Q45: =LEFT(T45,9) -> Sáng T4: | R45: Sáng | S45: T4 | T45: Sáng T4: Tiết 1-4 , Địa điểm: B1-202, Tuần: 11-19 | U45: 1,511,514,11-19,B1-203 | V45: B1-202 | X45: Khoa Khoa học Máy tính | Y45: Dương Quang Huy | Z45: huy.duongquang@hust.edu.vn | AA45: 0971691246 | AC45: Phạm Đăng Hải | AD45: Mở | AE45: Khác | AG45: l9w70r7 | AH45: Thi trên máy tính | AJ45: X | AK45: -
A46: Trường Công nghệ Thông tin và Truyền thông | B46: 20251 | C46: 161277 | D46: =VALUE(C46) -> 161277 | E46: IT3323 | F46: Xây dựng chương trình dịch | G46: Dương Quang Huy | H46: 3(2-2-0-6) | I46: *Việt Nhật K67-8(BT)S, | J46: HEDSPI | K46: AB | L46: 21 | M46: 40 | N46: BT | O46: - | P46: - | Q46: =LEFT(T46,9) -> Sáng T3: | R46: Sáng | S46: T3 | T46: Sáng T3: Tiết 1-4 , Địa điểm: B1-209, Tuần: 11-19 | U46: 1,311,314,11-19,B1-203 | V46: B1-209 | X46: Khoa Khoa học Máy tính | Y46: Dương Quang Huy | Z46: huy.duongquang@hust.edu.vn | AA46: 0971691246 | AB46: Nguyễn Đình Phúc | AC46: Phạm Đăng Hải | AD46: Mở | AE46: Khác | AG46: l9w70r7 | AH46: Thi trên máy tính | AJ46: X | AK46: -
A47: Trường Công nghệ Thông tin và Truyền thông | B47: 20251 | C47: 161276 | D47: =VALUE(C47) -> 161276 | E47: IT3323 | F47: Xây dựng chương trình dịch | G47: Nguyễn Hữu Đức | H47: 3(2-2-0-6) | I47: *Việt Nhật K67-7(BT)S, | J47: HEDSPI | K47: AB | L47: 31 | M47: 40 | N47: BT | O47: - | P47: - | Q47: =LEFT(T47,9) -> Sáng T3: | R47: Sáng | S47: T3 | T47: Sáng T3: Tiết 1-4 , Địa điểm: B1-202, Tuần: 11-19 | U47: 1,311,314,11-19,B1-202 | V47: B1-202 | X47: Khoa Khoa học Máy tính | Y47: Nguyễn Hữu Đức | Z47: duc.nguyenhuu@hust.edu.vn | AA47: 0975651915 | AC47: Phạm Đăng Hải | AD47: Mở | AE47: Khác | AF47: https://teams.microsoft.com/l/team/19%3A4F_bXCvop7TrGzCn-bqa347DPCPy603Ej-z1Z8p4LN81%40thread.tacv2/conversations?groupId=1ec0ada1-04d7-4312-99c1-8362926d956f&tenantId=06f1b89f-07e8-464f-b408-ec1b45703f31 | AG47: sb6mkni | AH47: Thi trên máy tính | AJ47: X | AK47: -
A48: Trường Công nghệ Thông tin và Truyền thông | B48: 20251 | C48: 760921 | D48: =VALUE(C48) -> 760921 | E48: IT3100 | F48: Lập trình hướng đối tượng | G48: Lê Hải Nam | H48: 2(2-1-0-4) | I48: , GenAI - Học phần bổ sung - Dạng project | J48: CN | K48: AB | L48: 2 | M48: 2 | N48: DA | O48: - | P48: - | Q48: =LEFT(T48,9) | R48: =LEFT(Q48,5) | X48: Khoa Khoa học Máy tính | Y48: Lê Hải Nam | Z48: nam.lehai@hust.edu.vn | AA48: 0379696690 | AC48: Trịnh Tuấn Đạt | AD48: Mở(GenAI - Học phần bổ sung - Dạng project) | AE48: Giảng dạy trực tiếp (Offline) | AH48: Thi trên máy tính | AJ48: X | AK48: -
A49: Trường Công nghệ Thông tin và Truyền thông | B49: 20251 | C49: 760919 | D49: =VALUE(C49) -> 760919 | E49: IT3011 | F49: Cấu trúc dữ liệu và thuật toán | G49: Nguyễn Duy Hiệp | H49: 2(2-1-0-4) | I49: , GenAI - Học phần bổ sung - Dạng project | J49: CN | K49: AB | L49: 2 | M49: 2 | N49: DA | O49: - | P49: - | Q49: =LEFT(T49,9) | R49: =LEFT(Q49,5) | X49: Khoa Khoa học Máy tính | Y49: Nguyễn Duy Hiệp | Z49: hiep.nguyenduy@hust.edu.vn | AA49: 906167269 | AC49: Phạm Quang Dũng | AD49: Mở(GenAI - Học phần bổ sung - Dạng project) | AE49: Giảng dạy trực tiếp (Offline) | AH49: Thi trên máy tính | AJ49: X | AK49: -
A50: Trường Công nghệ Thông tin và Truyền thông | B50: 20251 | C50: 760922 | D50: =VALUE(C50) -> 760922 | E50: IT3020 | F50: Toán rời rạc | G50: Nguyễn Khánh Phương | H50: 3(3-1-0-6) | I50: , GenAI - Học phần bổ sung - Dạng project | J50: CN | K50: AB | L50: 3 | M50: 3 | N50: DA | O50: - | P50: - | Q50: =LEFT(T50,9) | R50: =LEFT(Q50,5) | X50: Khoa Khoa học Máy tính | Y50: Nguyễn Khánh Phương | Z50: phuong.nguyenkhanh@hust.edu.vn | AA50: 0941471023 | AC50: Nguyễn Khánh Phương | AD50: Mở(GenAI - Học phần bổ sung - Dạng project) | AE50: Giảng dạy trực tiếp (Offline) | AH50: Thi trên máy tính | AJ50: X | AK50: -
A51: Trường Công nghệ Thông tin và Truyền thông | B51: 20251 | C51: 760920 | D51: =VALUE(C51) -> 760920 | E51: IT3040 | F51: Kỹ thuật lập trình | G51: Vũ Đức Vượng | H51: 2(2-0-1-4) | I51: , GenAI - Học phần bổ sung - Dạng project | J51: CN | K51: AB | L51: 2 | M51: 2 | N51: DA | O51: - | P51: - | Q51: =LEFT(T51,9) | R51: =LEFT(Q51,5) | X51: Khoa Khoa học Máy tính | Y51: Vũ Đức Vượng | Z51: vuong.vuduc@hust.edu.vn | AA51: 0984753061 | AC51: Bùi Thị Mai Anh | AD51: Mở(GenAI - Học phần bổ sung - Dạng project) | AE51: Giảng dạy trực tiếp (Offline) | AF51: https://teams.microsoft.com/l/team/19%3AQIJLwXrNKHeHvpnhl_yYdoTZZwSn7l6rZSwacrGIY2U1%40thread.tacv2/conversations?groupId=c04a68de-2619-4bf5-9577-c0553f850983&tenantId=06f1b89f-07e8-464f-b408-ec1b45703f31 | AG51: itehc3o | AH51: Thi trên máy tính | AJ51: X | AK51: -
A52: Trường Công nghệ Thông tin và Truyền thông | B52: 20251 | C52: 760872 | D52: =VALUE(C52) -> 760872 | E52: IT5023E | F52: Graduation Research 1 | H52: 2(0-0-4-4) | I52: , CT ICT (mở cho sinh viên học chậm, học lại) | J52: CTTT | K52: AB | L52: 11 | M52: 1 | N52: DA | O52: - | P52: - | Q52: =LEFT(T52,9) | R52: =LEFT(Q52,5) | X52: Trường Công nghệ Thông tin và Truyền thông | AC52: Trương Thị Diệu Linh | AD52: Mở(CT ICT (mở cho sinh viên học chậm, học lại)) | AE52: Giảng dạy trực tiếp (Offline) | AK52: -
A53: Trường Công nghệ Thông tin và Truyền thông | B53: 20251 | C53: 760871 | D53: =VALUE(C53) -> 760871 | E53: IT5021 | F53: Nghiên cứu tốt nghiệp 1 | H53: 2(0-0-4-4) | I53: , CT Việt Nhật (mở cho sinh viên học chậm, học lại) | J53: HEDSPI | K53: AB | L53: 22 | M53: 1 | N53: DA | O53: - | P53: - | Q53: =LEFT(T53,9) | R53: =LEFT(Q53,5) | X53: Trường Công nghệ Thông tin và Truyền thông | AC53: Đinh Thị Hà Ly | AD53: Mở(CT Việt Nhật (mở cho sinh viên học chậm, học lại)) | AE53: Giảng dạy trực tiếp (Offline) | AK53: -
A54: Trường Công nghệ Thông tin và Truyền thông | B54: 20251 | C54: 756908 | D54: =VALUE(C54) -> 756908 | E54: IT2000 | F54: Nhập môn CNTT và TT | G54: Nguyễn Văn Hiên | H54: 3(2-0-2-6) | I54: IT2000-ICT-K70-N02, IT2000-ICT-K70-N02 | J54: CTTT | K54: AB | L54: 23 | M54: 37 | N54: TN | O54: - | P54: - | Q54: =LEFT(T54,9) -> Chiều T6 | R54: Chiều | S54: T6 | T54: Chiều T6: Tiết 1230-1730 , Địa điểm: B1-109, Tuần: 4,5,6,8,10 | U54: 1,621230,621730,4,5,6,8,10,B1-109; | V54: B1-109 | X54: Trung tâm Máy tính và Thực hành | Y54: Nguyễn Văn Hiên | Z54: hien.nguyenvan1@hust.edu.vn | AA54: 0356095140 | AC54: Lê Thanh Hương | AD54: Mở(IT2000-ICT-K70-N02) | AE54: Giảng dạy trực tiếp (Offline) | AF54: https://teams.microsoft.com/l/team/19%3Ah8Zx9ID0o8ejYfdPoaVKkcJpwgCyQVYQe3LrSMC7q1s1%40thread.tacv2/conversations?groupId=7660e24c-2d1b-4756-a467-3f6f1c8b040e&tenantId=06f1b89f-07e8-464f-b408-ec1b45703f31 | AG54: mp6gh91 | AH54: Thi trên máy tính | AJ54: X | AK54: -
A55: Trường Công nghệ Thông tin và Truyền thông | B55: 20251 | C55: 756901 | D55: =VALUE(C55) -> 756901 | E55: IT2000 | F55: Nhập môn CNTT và TT | G55: Phạm Thị Phương Giang | I55: IT2000-(Việt Nhật + Việt Pháp)-K70-N04, IT2000-(Việt Nhật + Việt Pháp)-K70-N04 | J55: Viet-Phap | K55: AB | L55: 34 | M55: 37 | N55: TN | O55: - | P55: - | Q55: =LEFT(T55,9) -> Sáng T5: | R55: Sáng | S55: T5 | T55: Sáng T5: Tiết 645-1145 , Địa điểm: B1-107, Tuần: 4,5,6,7,10 | U55: 1,510645,511145,4,5,6,7,10,B1-107; | V55: B1-107 | X55: Trung tâm Máy tính và Thực hành | Y55: Phạm Thị Phương Giang | Z55: giang.phamthiphuong@hust.edu.vn | AA55: 0988181512 | AB55: Trần Quang Thắng | AC55: Lê Thanh Hương | AD55: Mở(IT2000-(Việt Nhật + Việt Pháp)-K70-N04) | AE55: Giảng dạy trực tiếp (Offline) | AH55: Thi trên máy tính | AJ55: X | AK55: -
A56: Trường Công nghệ Thông tin và Truyền thông | B56: 20251 | C56: 756909 | D56: =VALUE(C56) -> 756909 | E56: IT2000 | F56: Nhập môn CNTT và TT | G56: Phạm Thị Phương Giang | H56: 3(2-0-2-6) | I56: IT2000-ICT-K70-N03, IT2000-ICT-K70-N03 | J56: CTTT | K56: AB | L56: 35 | M56: 37 | N56: TN | O56: - | P56: - | Q56: =LEFT(T56,9) -> Chiều T3 | R56: Chiều | S56: T3 | T56: Chiều T3: Tiết 1230-1730 , Địa điểm: B1-207, Tuần: 4,5,6,7,10 | U56: 1,321230,321730,4,5,6,7,10,B1-207; | V56: B1-207 | X56: Trung tâm Máy tính và Thực hành | Y56: Phạm Thị Phương Giang | Z56: giang.phamthiphuong@hust.edu.vn | AA56: 0988181512 | AB56: Đặng Kim Ngân | AC56: Lê Thanh Hương | AD56: Mở(IT2000-ICT-K70-N03) | AE56: Giảng dạy trực tiếp (Offline) | AF56: https://teams.microsoft.com/meet/4142686040907?p=ASwXSkDZABqh4sAXfU | AG56: zrdo06c | AH56: Thi trên máy tính | AJ56: X | AK56: -
A57: Trường Công nghệ Thông tin và Truyền thông | B57: 20251 | C57: 756905 | D57: =VALUE(C57) -> 756905 | E57: IT2000 | F57: Nhập môn CNTT và TT | G57: Nguyễn An Hưng | I57: IT2000-(Việt Nhật + Việt Pháp)-K70-N08, IT2000-(Việt Nhật + Việt Pháp)-K70-N08 | J57: Viet-Phap | K57: AB | L57: 25 | M57: 37 | N57: TN | O57: - | P57: - | Q57: =LEFT(T57,9) -> Sáng T6: | R57: Sáng | S57: T6 | T57: Sáng T6: Tiết 645-1145 , Địa điểm: B1-107, Tuần: 4,5,6,7,10 | U57: 1,610645,611145,4,5,6,7,10,B1-107; | V57: B1-107 | X57: Trung tâm Máy tính và Thực hành | Y57: Nguyễn An Hưng | Z57: hung.nguyenan@hust.edu.vn | AA57: 0972794554 | AB57: Trần Quang Thắng | AC57: Lê Thanh Hương | AD57: Mở(IT2000-(Việt Nhật + Việt Pháp)-K70-N08) | AE57: Giảng dạy trực tiếp (Offline) | AH57: Thi trên máy tính | AJ57: X | AK57: -
A58: Trường Công nghệ Thông tin và Truyền thông | B58: 20251 | C58: 756907 | D58: =VALUE(C58) -> 756907 | E58: IT2000 | F58: Nhập môn CNTT và TT | G58: Nguyễn Văn Hiên | H58: 3(2-0-2-6) | I58: IT2000-ICT-K70-N01, IT2000-ICT-K70-N01 | J58: CTTT | K58: AB | L58: 37 | M58: 37 | N58: TN | O58: - | P58: - | Q58: =LEFT(T58,9) -> Chiều T5 | R58: Chiều | S58: T5 | T58: Chiều T5: Tiết 1230-1730 , Địa điểm: B1-109, Tuần: 4,5,6,8,10 | U58: 1,521230,521730,4,5,6,8,10,B1-109; | V58: B1-109 | X58: Trung tâm Máy tính và Thực hành | Y58: Nguyễn Văn Hiên | Z58: hien.nguyenvan1@hust.edu.vn | AA58: 0356095140 | AB58: Phạm Vương Minh Quang | AC58: Lê Thanh Hương | AD58: Mở(IT2000-ICT-K70-N01) | AE58: Giảng dạy trực tiếp (Offline) | AF58: https://teams.microsoft.com/l/team/19%3AsT23bGGj6C_TgfmNM5qC0LktmwKBRYoQofKff4zGP8I1%40thread.tacv2/conversations?groupId=80f9f627-fb84-4e31-b453-52f0f407c892&tenantId=06f1b89f-07e8-464f-b408-ec1b45703f31 | AG58: ibxo4eh | AH58: Thi trên máy tính | AJ58: X | AK58: -
A59: Trường Công nghệ Thông tin và Truyền thông | B59: 20251 | C59: 756906 | D59: =VALUE(C59) -> 756906 | E59: IT2000 | F59: Nhập môn CNTT và TT | G59: Trần Thị Dung | H59: 3(2-0-2-6) | I59: IT2000-(Việt Nhật + Việt Pháp)-K70-N09, IT2000-(Việt Nhật + Việt Pháp)-K70-N09 | J59: Viet-Phap | K59: AB | L59: 35 | M59: 37 | N59: TN | O59: - | P59: - | Q59: =LEFT(T59,9) -> Sáng T5: | R59: Sáng | S59: T5 | T59: Sáng T5: Tiết 645-1145 , Địa điểm: B1-207, Tuần: 4,5,6,7,10 | U59: 1,510645,511145,4,5,6,7,10,B1-207; | V59: B1-207 | X59: Trung tâm Máy tính và Thực hành | Y59: Trần Thị Dung | Z59: dung.tranthi@hust.edu.vn | AA59: 0989161528 | AB59: Trịnh Quang Minh | AC59: Lê Thanh Hương | AD59: Mở(IT2000-(Việt Nhật + Việt Pháp)-K70-N09) | AE59: Giảng dạy trực tiếp (Offline) | AG59: rcynvva | AH59: Thi trên máy tính | AJ59: X | AK59: -
A60: Trường Công nghệ Thông tin và Truyền thông | B60: 20251 | C60: 756902 | D60: =VALUE(C60) -> 756902 | E60: IT2000 | F60: Nhập môn CNTT và TT | G60: Nguyễn Văn Hiên | H60: 3(2-0-2-6) | I60: IT2000-(Việt Nhật + Việt Pháp)-K70-N05, IT2000-(Việt Nhật + Việt Pháp)-K70-N05 | J60: Viet-Phap | K60: AB | L60: 33 | M60: 37 | N60: TN | O60: - | P60: - | Q60: =LEFT(T60,9) -> Sáng T5: | R60: Sáng | S60: T5 | T60: Sáng T5: Tiết 645-1145 , Địa điểm: B1-109, Tuần: 4,5,6,7,9 | U60: 1,510645,511145,4,5,6,7,9,B1-109; | V60: B1-109 | X60: Trung tâm Máy tính và Thực hành | Y60: Nguyễn Văn Hiên | Z60: hien.nguyenvan1@hust.edu.vn | AA60: 0356095140 | AB60: Lê Trọng Việt Dũng | AC60: Lê Thanh Hương | AD60: Mở(IT2000-(Việt Nhật + Việt Pháp)-K70-N05) | AE60: Giảng dạy trực tiếp (Offline) | AF60: https://teams.microsoft.com/l/team/19%3AcGB_GNwfnAdtFZ2yO2wpXqCT8s5zJbAsC2vJqi0lbaQ1%40thread.tacv2/conversations?groupId=99994df1-9310-4404-8295-1871642e0d28&tenantId=06f1b89f-07e8-464f-b408-ec1b45703f31 | AG60: 33znbua | AH60: Thi trên máy tính | AJ60: X | AK60: -
A61: Trường Công nghệ Thông tin và Truyền thông | B61: 20251 | C61: 756904 | D61: =VALUE(C61) -> 756904 | E61: IT2000 | F61: Nhập môn CNTT và TT | G61: Nguyễn An Hưng | I61: IT2000-(Việt Nhật + Việt Pháp)-K70-N07, IT2000-(Việt Nhật + Việt Pháp)-K70-N07 | J61: Viet-Phap | K61: AB | L61: 34 | M61: 37 | N61: TN | O61: - | P61: - | Q61: =LEFT(T61,9) -> Sáng T3: | R61: Sáng | S61: T3 | T61: Sáng T3: Tiết 645-1145 , Địa điểm: B1-207, Tuần: 4,5,6,7,10 | U61: 1,310645,311145,4,5,6,7,10,B1-207; | V61: B1-207 | X61: Trung tâm Máy tính và Thực hành | Y61: Nguyễn An Hưng | Z61: hung.nguyenan@hust.edu.vn | AA61: 0972794554 | AB61: Phạm Sơn Nam | AC61: Lê Thanh Hương | AD61: Mở(IT2000-(Việt Nhật + Việt Pháp)-K70-N07) | AE61: Giảng dạy trực tiếp (Offline) | AH61: Thi trên máy tính | AJ61: X | AK61: -
A62: Trường Công nghệ Thông tin và Truyền thông | B62: 20251 | C62: 756900 | D62: =VALUE(C62) -> 756900 | E62: IT2000 | F62: Nhập môn CNTT và TT | G62: Phạm Thanh Liêm | H62: 3(2-0-2-6) | I62: IT2000-(Việt Nhật + Việt Pháp)-K70-N03, IT2000-(Việt Nhật + Việt Pháp)-K70-N03 | J62: Viet-Phap | K62: AB | L62: 34 | M62: 37 | N62: TN | O62: - | P62: - | Q62: =LEFT(T62,9) -> Sáng T3: | R62: Sáng | S62: T3 | T62: Sáng T3: Tiết 645-1145 , Địa điểm: B1-109, Tuần: 4,5,6,7,10 | U62: 1,310645,311145,4,5,6,7,10,B1-109; | V62: B1-109 | X62: Trung tâm Máy tính và Thực hành | Y62: Phạm Thanh Liêm | Z62: liem.phamthanh@hust.edu.vn | AA62: 0912151204 | AB62: Võ Hữu Trí Dũng | AC62: Lê Thanh Hương | AD62: Mở(IT2000-(Việt Nhật + Việt Pháp)-K70-N03) | AE62: Giảng dạy trực tiếp (Offline) | AG62: h5hk20h | AH62: Thi trên máy tính | AJ62: X | AK62: -
A63: Trường Công nghệ Thông tin và Truyền thông | B63: 20251 | C63: 756903 | D63: =VALUE(C63) -> 756903 | E63: IT2000 | F63: Nhập môn CNTT và TT | G63: Phạm Thị Phương Giang | I63: IT2000-(Việt Nhật + Việt Pháp)-K70-N06, IT2000-(Việt Nhật + Việt Pháp)-K70-N06 | J63: Viet-Phap | K63: AB | L63: 37 | M63: 37 | N63: TN | O63: - | P63: - | Q63: =LEFT(T63,9) -> Sáng T6: | R63: Sáng | S63: T6 | T63: Sáng T6: Tiết 645-1145 , Địa điểm: B1-109, Tuần: 4,5,6,7,10 | U63: 1,610645,611145,4,5,6,7,10,B1-109; | V63: B1-109 | X63: Trung tâm Máy tính và Thực hành | Y63: Phạm Thị Phương Giang | Z63: giang.phamthiphuong@hust.edu.vn | AA63: 0988181512 | AB63: Bùi Quang Hưng | AC63: Lê Thanh Hương | AD63: Mở(IT2000-(Việt Nhật + Việt Pháp)-K70-N06) | AE63: Giảng dạy trực tiếp (Offline) | AH63: Thi trên máy tính | AJ63: X | AK63: -
A64: Trường Công nghệ Thông tin và Truyền thông | B64: 20251 | C64: 756487 | D64: =VALUE(C64) -> 756487 | E64: IT4995 | F64: Đồ án tốt nghiệp cử nhân | H64: 6(0-0-12-12) | I64: , B2CQ-CNTT01-K68,67 (BVL) | J64: VB2 | K64: AB | L64: 6 | M64: 10 | N64: DATN | O64: - | P64: - | Q64: =LEFT(T64,9) | R64: =LEFT(Q64,5) | X64: Trường Công nghệ Thông tin và Truyền thông | AC64: Vũ Thị Hương Giang, Lê Thanh Hương, Phạm Đăng Hải | AD64: Mở(B2CQ-CNTT01-K68,67 (BVL)) | AE64: Giảng dạy trực tiếp (Offline) | AK64: -
A65: Trường Công nghệ Thông tin và Truyền thông | B65: 20251 | C65: 756486 | D65: =VALUE(C65) -> 756486 | E65: IT3150 | F65: Project I | H65: 2(0-0-4-8) | I65: , B2CQ-CNTT01-K68, B2CQ-CNTT04-K68 (HL) | J65: VB2 | K65: AB | L65: 2 | M65: 2 | N65: DA | O65: - | P65: - | Q65: =LEFT(T65,9) | R65: =LEFT(Q65,5) | X65: Trường Công nghệ Thông tin và Truyền thông | AC65: Phạm Đăng Hải | AD65: Mở(B2CQ-CNTT01-K68, B2CQ-CNTT04-K68 (HL)) | AE65: Giảng dạy trực tiếp (Offline) | AK65: -
A66: Trường Công nghệ Thông tin và Truyền thông | B66: 20251 | C66: 756887 | D66: =VALUE(C66) -> 756887 | E66: IT2000 | F66: Nhập môn CNTT và TT | G66: Phạm Quang Hiếu | I66: IT2000-(KHMT+KTMT)-K70-N04, IT2000-(KHMT+KTMT)-K70-N04 | J66: CN | K66: AB | L66: 36 | M66: 37 | N66: TN | O66: - | P66: - | Q66: =LEFT(T66,9) -> Chiều T2 | R66: Chiều | S66: T2 | T66: Chiều T2: Tiết 1230-1730 , Địa điểm: B1-209, Tuần: 4,5,6,7,10 | U66: 1,221230,221730,4,5,6,7,10,B1-209; | V66: B1-209 | X66: Trung tâm Máy tính và Thực hành | Y66: Phạm Quang Hiếu | Z66: Hieu.PhamQuang@hust.edu.vn | AA66: 0388273219 | AB66: Trịnh Lương Việt | AC66: Lê Thanh Hương | AD66: Mở(IT2000-(KHMT+KTMT)-K70-N04) | AE66: Giảng dạy trực tiếp (Offline) | AH66: Thi trên máy tính | AJ66: X | AK66: -
A67: Trường Công nghệ Thông tin và Truyền thông | B67: 20251 | C67: 756415 | D67: =VALUE(C67) -> 756415 | E67: IT4991 | F67: Thực tập kỹ thuật | H67: 2(0-0-4-4) | I67: , DH-BK-CNTT1.1-K66, DH-BK-CNTT1.2-K66 | J67: VLVH | K67: AB | L67: 57 | M67: 39 | N67: TT | O67: - | P67: - | Q67: =LEFT(T67,9) -> CN: Tiế | R67: =LEFT(Q67,5) -> CN: | T67: CN: Tiết 1-1 , Địa điểm: , Tuần: 02-19 | AD67: Mở(DH-BK-CNTT1.1-K66, DH-BK-CNTT1.2-K66) | AE67: Giảng dạy trực tiếp (Offline) | AK67: -
A68: Trường Công nghệ Thông tin và Truyền thông | B68: 20251 | C68: 756881 | D68: =VALUE(C68) -> 756881 | E68: IT1110E | F68: Nhập môn lập trình | G68: Nguyễn An Hưng | I68: IT1110E (KHDL + ATKGS)-K70-N04, IT1110E (KHDL + ATKGS)-K70-N04 | J68: CTTT | K68: AB | L68: 32 | M68: 39 | N68: TN | O68: - | P68: - | Q68: =LEFT(T68,9) -> Sáng T5: | R68: Sáng | S68: T5 | T68: Sáng T5: Tiết 915-1145 , Địa điểm: B1-109, Tuần: 8,10,15,17,19 | U68: 1,510915,511145,8,10,15,17,19,B1-109; | V68: B1-109 | X68: Trung tâm Máy tính và Thực hành | Y68: Nguyễn An Hưng | Z68: hung.nguyenan@hust.edu.vn | AA68: 0972794554 | AB68: Lê Thành Vinh | AC68: Đinh Viết Sang | AD68: Mở(IT1110E (KHDL + ATKGS)-K70-N04) | AE68: Giảng dạy trực tiếp (Offline) | AH68: Thi trên máy tính | AJ68: X | AK68: -
A69: Trường Công nghệ Thông tin và Truyền thông | B69: 20251 | C69: 756893 | D69: =VALUE(C69) -> 756893 | E69: IT2000 | F69: Nhập môn CNTT và TT | G69: Nguyễn An Hưng | I69: IT2000-(KHMT+KTMT)-K70-N10, IT2000-(KHMT+KTMT)-K70-N10 | J69: CN | K69: AB | L69: 34 | M69: 37 | N69: TN | O69: - | P69: - | Q69: =LEFT(T69,9) -> Chiều T6 | R69: Chiều | S69: T6 | T69: Chiều T6: Tiết 1230-1730 , Địa điểm: B1-107, Tuần: 4,5,6,7,10 | U69: 1,621230,621730,4,5,6,7,10,B1-107; | V69: B1-107 | X69: Trung tâm Máy tính và Thực hành | Y69: Nguyễn An Hưng | Z69: hung.nguyenan@hust.edu.vn | AA69: 0972794554 | AB69: Tạ Công Nam | AC69: Lê Thanh Hương | AD69: Mở(IT2000-(KHMT+KTMT)-K70-N10) | AE69: Giảng dạy trực tiếp (Offline) | AH69: Thi trên máy tính | AJ69: X | AK69: -
A70: Trường Công nghệ Thông tin và Truyền thông | B70: 20251 | C70: 756894 | D70: =VALUE(C70) -> 756894 | E70: IT2000 | F70: Nhập môn CNTT và TT | G70: Nhữ Thị Nga | I70: IT2000-(KHMT+KTMT)-K70-N11, IT2000-(KHMT+KTMT)-K70-N11 | J70: CN | K70: AB | L70: 39 | M70: 37 | N70: TN | O70: - | P70: - | Q70: =LEFT(T70,9) -> Chiều T3 | R70: Chiều | S70: T3 | T70: Chiều T3: Tiết 1230-1730 , Địa điểm: B1-206, Tuần: 4,5,6,7,10 | U70: 1,321230,321730,4,5,6,7,10,B1-206; | V70: B1-206 | X70: Trung tâm Máy tính và Thực hành | Y70: Nhữ Thị Nga | Z70: nga.nhuthi@hust.edu.vn | AA70: 0982524487 | AB70: Nguyễn Xuân Ba | AC70: Lê Thanh Hương | AD70: Mở(IT2000-(KHMT+KTMT)-K70-N11) | AE70: Giảng dạy trực tiếp (Offline) | AH70: Thi trên máy tính | AJ70: X | AK70: -
A71: Trường Công nghệ Thông tin và Truyền thông | B71: 20251 | C71: 756888 | D71: =VALUE(C71) -> 756888 | E71: IT2000 | F71: Nhập môn CNTT và TT | G71: Lê Thị Hoa | H71: 3(2-0-2-6) | I71: IT2000-(KHMT+KTMT)-K70-N05, IT2000-(KHMT+KTMT)-K70-N05 | J71: CN | K71: AB | L71: 36 | M71: 37 | N71: TN | O71: - | P71: - | Q71: =LEFT(T71,9) -> Chiều T6 | R71: Chiều | S71: T6 | T71: Chiều T6: Tiết 1230-1730 , Địa điểm: B1-106, Tuần: 4,5,6,7,10 | U71: 1,621230,621730,4,5,6,7,10,B1-106; | V71: B1-106 | X71: Trung tâm Máy tính và Thực hành | Y71: Lê Thị Hoa | Z71: hoa.lethi@hust.edu.vn | AA71: 0915229959 | AB71: Lê Xuân Phúc | AC71: Lê Thanh Hương | AD71: Mở(IT2000-(KHMT+KTMT)-K70-N05) | AE71: Giảng dạy trực tiếp (Offline) | AG71: sh514z1 | AH71: Thi trên máy tính | AJ71: X | AK71: -
A72: Trường Công nghệ Thông tin và Truyền thông | B72: 20251 | C72: 756885 | D72: =VALUE(C72) -> 756885 | E72: IT2000 | F72: Nhập môn CNTT và TT | G72: Trần Thị Dung | H72: 3(2-0-2-6) | I72: IT2000-(KHMT+KTMT)-K70-N02, IT2000-(KHMT+KTMT)-K70-N02 | J72: CN | K72: AB | L72: 34 | M72: 37 | N72: TN | O72: - | P72: - | Q72: =LEFT(T72,9) -> Chiều T3 | R72: Chiều | S72: T3 | T72: Chiều T3: Tiết 1230-1730 , Địa điểm: B1-106, Tuần: 4,5,6,7,10 | U72: 1,321230,321730,4,5,6,7,10,B1-106; | V72: B1-106 | X72: Trung tâm Máy tính và Thực hành | Y72: Trần Thị Dung | Z72: dung.tranthi@hust.edu.vn | AA72: 0989161528 | AB72: Phạm Thái Sơn | AC72: Lê Thanh Hương | AD72: Mở(IT2000-(KHMT+KTMT)-K70-N02) | AE72: Giảng dạy trực tiếp (Offline) | AG72: yasejw4 | AH72: Thi trên máy tính | AJ72: X | AK72: -
A73: Trường Công nghệ Thông tin và Truyền thông | B73: 20251 | C73: 756877 | D73: =VALUE(C73) -> 756877 | E73: IT1108 | F73: Nhập môn lập trình | G73: Nguyễn An Hưng | I73: IT1108-(KHMT+KTMT) K70-N15, IT1108-(KHMT+KTMT) K70-N15 | J73: CN | K73: AB | L73: 35 | M73: 39 | N73: TN | O73: - | P73: - | Q73: =LEFT(T73,9) -> Chiều T3 | R73: Chiều | S73: T3 | T73: Chiều T3: Tiết 1230-1730 , Địa điểm: B1-109, Tuần: 8,10,15,17,19 | U73: 1,321230,321730,8,10,15,17,19,B1-109; | V73: B1-109 | X73: Trung tâm Máy tính và Thực hành | Y73: Nguyễn An Hưng | Z73: hung.nguyenan@hust.edu.vn | AA73: 0972794554 | AB73: Lê Thành Vinh | AC73: Ngô Lam Trung | AD73: Mở(IT1108-(KHMT+KTMT) K70-N15) | AE73: Giảng dạy trực tiếp (Offline) | AK73: -
A74: Trường Công nghệ Thông tin và Truyền thông | B74: 20251 | C74: 756880 | D74: =VALUE(C74) -> 756880 | E74: IT1110E | F74: Nhập môn lập trình | G74: Nguyễn An Hưng | I74: IT1110E (KHDL + ATKGS)-K70-N03, IT1110E (KHDL + ATKGS)-K70-N03 | J74: CTTT | K74: AB | L74: 33 | M74: 39 | N74: TN | O74: - | P74: - | Q74: =LEFT(T74,9) -> Sáng T2: | R74: Sáng | S74: T2 | T74: Sáng T2: Tiết 645-915 , Địa điểm: B1-107, Tuần: 7,9,12,14,16 | U74: 1,510645,510915,8,10,15,17,19,B1-109; | V74: B1-107 | X74: Trung tâm Máy tính và Thực hành | Y74: Nguyễn An Hưng | Z74: hung.nguyenan@hust.edu.vn | AA74: 0972794554 | AB74: Nguyễn Trung Tường | AC74: Đinh Viết Sang | AD74: Mở(IT1110E (KHDL + ATKGS)-K70-N03) | AE74: Giảng dạy trực tiếp (Offline) | AH74: Thi trên máy tính | AJ74: X | AK74: -
A75: Trường Công nghệ Thông tin và Truyền thông | B75: 20251 | C75: 756896 | D75: =VALUE(C75) -> 756896 | E75: IT2000 | F75: Nhập môn CNTT và TT | G75: Phạm Quang Hiếu | I75: IT2000-(KHMT+KTMT)-K70-N13, IT2000-(KHMT+KTMT)-K70-N13 | J75: CN | K75: AB | L75: 26 | M75: 37 | N75: TN | O75: - | P75: - | Q75: =LEFT(T75,9) -> Sáng T3: | R75: Sáng | S75: T3 | T75: Sáng T3: Tiết 645-1145 , Địa điểm: B1-106, Tuần: 4,5,6,7,10 | U75: 1,210645,211145,4,5,6,7,10,B1-106; | V75: B1-106 | X75: Trung tâm Máy tính và Thực hành | Y75: Phạm Quang Hiếu | Z75: Hieu.PhamQuang@hust.edu.vn | AA75: 0388273219 | AB75: Nguyễn Ngọc Ánh | AC75: Lê Thanh Hương | AD75: Mở(IT2000-(KHMT+KTMT)-K70-N13) | AE75: Giảng dạy trực tiếp (Offline) | AH75: Thi trên máy tính | AJ75: X | AK75: -
A76: Trường Công nghệ Thông tin và Truyền thông | B76: 20251 | C76: 756890 | D76: =VALUE(C76) -> 756890 | E76: IT2000 | F76: Nhập môn CNTT và TT | G76: Lê Thị Hoa | H76: 3(2-0-2-6) | I76: IT2000-(KHMT+KTMT)-K70-N07, IT2000-(KHMT+KTMT)-K70-N07 | J76: CN | K76: AB | L76: 36 | M76: 37 | N76: TN | O76: - | P76: - | Q76: =LEFT(T76,9) -> Chiều T3 | R76: Chiều | S76: T3 | T76: Chiều T3: Tiết 1230-1730 , Địa điểm: B1-107, Tuần: 4,5,6,7,10 | U76: 1,321230,321730,4,5,6,7,10,B1-107; | V76: B1-107 | X76: Trung tâm Máy tính và Thực hành | Y76: Lê Thị Hoa | Z76: hoa.lethi@hust.edu.vn | AA76: 0915229959 | AB76: Lê Minh Hoàng | AC76: Lê Thanh Hương | AD76: Mở(IT2000-(KHMT+KTMT)-K70-N07) | AE76: Giảng dạy trực tiếp (Offline) | AG76: w4w3ibs | AH76: Thi trên máy tính | AJ76: X | AK76: -
A77: Trường Công nghệ Thông tin và Truyền thông | B77: 20251 | C77: 756883 | D77: =VALUE(C77) -> 756883 | E77: IT2000 | F77: Nhập môn CNTT và TT | G77: Nguyễn An Hưng | I77: IT2000-CTTài năng KHMT-K70, IT2000-CTTài năng KHMT-K70 | J77: CTTN | K77: AB | L77: 49 | M77: 50 | N77: TN | O77: - | P77: - | Q77: =LEFT(T77,9) -> Sáng T5: | R77: Sáng | T77: Sáng T5: Tiết 645-1145 , Địa điểm: B1-405, Tuần: 7,9,14,16,18 | U77: 1,510645,511145,7,9,14,16,18,B1-405; | V77: B1-405 | X77: Trung tâm Máy tính và Thực hành | Y77: Nguyễn An Hưng | Z77: hung.nguyenan@hust.edu.vn | AA77: 0972794554 | AB77: Phạm Thái Sơn | AC77: Lê Thanh Hương | AD77: Mở(IT2000-CTTài năng KHMT-K70) | AE77: Giảng dạy trực tiếp (Offline) | AH77: Thi trên máy tính | AJ77: X | AK77: -
A78: Trường Công nghệ Thông tin và Truyền thông | B78: 20251 | C78: 756416 | D78: =VALUE(C78) -> 756416 | E78: IT4995 | F78: Đồ án tốt nghiệp cử nhân | H78: 6(0-0-12-12) | I78: , DH-BK-CNTT1.1-K66, DH-BK-CNTT1.2-K66 | J78: VLVH | K78: AB | L78: 28 | M78: 39 | N78: DATN | O78: - | P78: - | Q78: =LEFT(T78,9) -> CN: Tiế | R78: =LEFT(Q78,5) -> CN: | T78: CN: Tiết 1-1 , Địa điểm: , Tuần: 02-19 | X78: Trường Công nghệ Thông tin và Truyền thông | AC78: Vũ Thị Hương Giang, Lê Thanh Hương, Phạm Đăng Hải | AD78: Mở(DH-BK-CNTT1.1-K66, DH-BK-CNTT1.2-K66) | AE78: Giảng dạy trực tiếp (Offline) | AK78: -
A79: Trường Công nghệ Thông tin và Truyền thông | B79: 20251 | C79: 756886 | D79: =VALUE(C79) -> 756886 | E79: IT2000 | F79: Nhập môn CNTT và TT | G79: Phạm Quang Hiếu | I79: IT2000-(KHMT+KTMT)-K70-N03, IT2000-(KHMT+KTMT)-K70-N03 | J79: CN | K79: AB | L79: 36 | M79: 37 | N79: TN | O79: - | P79: - | Q79: =LEFT(T79,9) -> Chiều T4 | R79: Chiều | S79: T4 | T79: Chiều T4: Tiết 1230-1730 , Địa điểm: B1-106, Tuần: 4,5,6,7,10 | U79: 1,421230,421730,4,5,6,7,10,B1-106; | V79: B1-106 | X79: Trung tâm Máy tính và Thực hành | Y79: Phạm Quang Hiếu | Z79: Hieu.PhamQuang@hust.edu.vn | AA79: 0388273219 | AB79: Trần Quang Thắng | AC79: Lê Thanh Hương | AD79: Mở(IT2000-(KHMT+KTMT)-K70-N03) | AE79: Giảng dạy trực tiếp (Offline) | AH79: Thi trên máy tính | AJ79: X | AK79: -
A80: Trường Công nghệ Thông tin và Truyền thông | B80: 20251 | C80: 756878 | D80: =VALUE(C80) -> 756878 | E80: IT1110E | F80: Nhập môn lập trình | G80: Nguyễn Văn Hiên | H80: 4(3-1-1-8) | I80: IT1110E (KHDL + ATKGS)-K70-N01, IT1110E (KHDL + ATKGS)-K70-N01 | J80: CTTT | K80: AB | L80: 25 | M80: 39 | N80: TN | O80: - | P80: - | Q80: =LEFT(T80,9) -> Sáng T2: | R80: Sáng | S80: T2 | T80: Sáng T2: Tiết 645-915 , Địa điểm: B1-107, Tuần: 8,13,15,17,19 | U80: 1,510645,510915,8,10,15,17,19,B1-108; | V80: B1-107 | X80: Trung tâm Máy tính và Thực hành | Y80: Nguyễn Văn Hiên | Z80: hien.nguyenvan1@hust.edu.vn | AA80: 0356095140 | AB80: Nguyễn Thế Anh | AC80: Đinh Viết Sang | AD80: Mở(IT1110E (KHDL + ATKGS)-K70-N01) | AE80: Giảng dạy trực tiếp (Offline) | AF80: https://teams.microsoft.com/l/team/19%3Andt7nF2BWkxZcfTwu4yYLmgZ8SlEA2z2okW6H1bLAhM1%40thread.tacv2/conversations?groupId=5e1df717-4396-4e52-93e8-ac8300abec79&tenantId=06f1b89f-07e8-464f-b408-ec1b45703f31 | AG80: e6g21y1 | AH80: Thi trên máy tính | AJ80: X | AK80: -
A81: Trường Công nghệ Thông tin và Truyền thông | B81: 20251 | C81: 756884 | D81: =VALUE(C81) -> 756884 | E81: IT2000 | F81: Nhập môn CNTT và TT | G81: Phạm Thanh Liêm | H81: 3(2-0-2-6) | I81: IT2000-(KHMT+KTMT)-K70-N01, IT2000-(KHMT+KTMT)-K70-N01 | J81: CN | K81: AB | L81: 36 | M81: 37 | N81: TN | O81: - | P81: - | Q81: =LEFT(T81,9) -> Chiều T2 | R81: Chiều | S81: T2 | T81: Chiều T2: Tiết 1230-1730 , Địa điểm: B1-106, Tuần: 4,5,6,7,10 | U81: 1,221230,221730,4,5,6,7,10,B1-106; | V81: B1-106 | X81: Trung tâm Máy tính và Thực hành | Y81: Phạm Thanh Liêm | Z81: liem.phamthanh@hust.edu.vn | AA81: 0912151204 | AB81: Hoàng Thị Hà Huyền | AC81: Lê Thanh Hương | AD81: Mở(IT2000-(KHMT+KTMT)-K70-N01) | AE81: Giảng dạy trực tiếp (Offline) | AG81: 2e780lu | AH81: Thi trên máy tính | AJ81: X | AK81: -
A82: Trường Công nghệ Thông tin và Truyền thông | B82: 20251 | C82: 756891 | D82: =VALUE(C82) -> 756891 | E82: IT2000 | F82: Nhập môn CNTT và TT | G82: Lê Thị Hoa | H82: 3(2-0-2-6) | I82: IT2000-(KHMT+KTMT)-K70-N08, IT2000-(KHMT+KTMT)-K70-N08 | J82: CN | K82: AB | L82: 34 | M82: 37 | N82: TN | O82: - | P82: - | Q82: =LEFT(T82,9) -> Chiều T4 | R82: Chiều | S82: T4 | T82: Chiều T4: Tiết 1230-1730 , Địa điểm: B1-107, Tuần: 4,5,6,7,10 | U82: 1,421230,421730,4,5,6,7,10,B1-107; | V82: B1-107 | X82: Trung tâm Máy tính và Thực hành | Y82: Lê Thị Hoa | Z82: hoa.lethi@hust.edu.vn | AA82: 0915229959 | AB82: Đặng Kim Ngân | AC82: Lê Thanh Hương | AD82: Mở(IT2000-(KHMT+KTMT)-K70-N08) | AE82: Giảng dạy trực tiếp (Offline) | AG82: y0zeyhg | AH82: Thi trên máy tính | AJ82: X | AK82: -
A83: Trường Công nghệ Thông tin và Truyền thông | B83: 20251 | C83: 756899 | D83: =VALUE(C83) -> 756899 | E83: IT2000 | F83: Nhập môn CNTT và TT | G83: Nhữ Thị Nga | I83: IT2000-(Việt Nhật + Việt Pháp)-K70-N02, IT2000-(Việt Nhật + Việt Pháp)-K70-N02 | J83: Viet-Phap | K83: AB | L83: 34 | M83: 37 | N83: TN | O83: - | P83: - | Q83: =LEFT(T83,9) -> Sáng T3: | R83: Sáng | S83: T3 | T83: Sáng T3: Tiết 645-1145 , Địa điểm: B1-107, Tuần: 4,5,6,7,10 | U83: 1,310645,311145,4,5,6,7,10,B1-107; | V83: B1-107 | X83: Trung tâm Máy tính và Thực hành | Y83: Nhữ Thị Nga | Z83: nga.nhuthi@hust.edu.vn | AA83: 0982524487 | AB83: Trần Quang Thắng | AC83: Lê Thanh Hương | AD83: Mở(IT2000-(Việt Nhật + Việt Pháp)-K70-N02) | AE83: Giảng dạy trực tiếp (Offline) | AH83: Thi trên máy tính | AJ83: X | AK83: -
A84: Trường Công nghệ Thông tin và Truyền thông | B84: 20251 | C84: 756897 | D84: =VALUE(C84) -> 756897 | E84: IT2000 | F84: Nhập môn CNTT và TT | G84: Phạm Thị Phương Giang | I84: IT2000-(KHMT+KTMT)-K70-N14, IT2000-(KHMT+KTMT)-K70-N14 | J84: CN | K84: AB | L84: 36 | M84: 37 | N84: TN | O84: - | P84: - | Q84: =LEFT(T84,9) -> Chiều T6 | R84: Chiều | S84: T6 | T84: Chiều T6: Tiết 1230-1730 , Địa điểm: B1-206, Tuần: 4,5,6,7,10 | U84: 1,621230,621730,4,5,6,7,10,B1-206; | V84: B1-206 | X84: Trung tâm Máy tính và Thực hành | Y84: Phạm Thị Phương Giang | Z84: giang.phamthiphuong@hust.edu.vn | AA84: 0988181512 | AB84: Hoàng Công Vinh | AC84: Lê Thanh Hương | AD84: Mở(IT2000-(KHMT+KTMT)-K70-N14) | AE84: Giảng dạy trực tiếp (Offline) | AH84: Thi trên máy tính | AJ84: X | AK84: -
A85: Trường Công nghệ Thông tin và Truyền thông | B85: 20251 | C85: 756882 | D85: =VALUE(C85) -> 756882 | E85: IT1110E | F85: Nhập môn lập trình | G85: Nguyễn Văn Hiên | H85: 4(3-1-1-8) | I85: IT1110E (KHDL + ATKGS)-K70-N05, IT1110E (KHDL + ATKGS)-K70-N05 | J85: CTTT | K85: AB | L85: 26 | M85: 39 | N85: TN | O85: - | P85: - | Q85: =LEFT(T85,9) -> Sáng T2: | R85: Sáng | S85: T2 | T85: Sáng T2: Tiết 915-1145 , Địa điểm: B1-109, Tuần: 8,10,15,17,19 | U85: 1,210915,211145,8,10,15,17,19,B1-109; | V85: B1-109 | X85: Trung tâm Máy tính và Thực hành | Y85: Nguyễn Văn Hiên | Z85: hien.nguyenvan1@hust.edu.vn | AA85: 0356095140 | AB85: Nguyễn Hữu Trường | AC85: Đinh Viết Sang | AD85: Mở(IT1110E (KHDL + ATKGS)-K70-N05) | AE85: Giảng dạy trực tiếp (Offline) | AF85: https://teams.microsoft.com/l/team/19%3Awp9xjyowLyaj5jvqA7lpe1-NXd3OGnqf2NqxVGcGckc1%40thread.tacv2/conversations?groupId=12cb8d19-5cc7-4e56-bcb1-3a4c91d1d2cb&tenantId=06f1b89f-07e8-464f-b408-ec1b45703f31 | AG85: 6cqn3s1 | AH85: Thi trên máy tính | AJ85: X | AK85: -
A86: Trường Công nghệ Thông tin và Truyền thông | B86: 20251 | C86: 756879 | D86: =VALUE(C86) -> 756879 | E86: IT1110E | F86: Nhập môn lập trình | G86: Nguyễn Văn Hiên | H86: 4(3-1-1-8) | I86: IT1110E (KHDL + ATKGS)-K70-N02, IT1110E (KHDL + ATKGS)-K70-N02 | J86: CTTT | K86: AB | L86: 27 | M86: 39 | N86: TN | O86: - | P86: - | Q86: =LEFT(T86,9) -> Sáng T5: | R86: Sáng | S86: T5 | T86: Sáng T5: Tiết 915-1145 , Địa điểm: B1-108, Tuần: 8,10,15,17,19 | U86: 1,510915,511145,8,10,15,17,19,B1-108; | V86: B1-108 | X86: Trung tâm Máy tính và Thực hành | Y86: Nguyễn Văn Hiên | Z86: hien.nguyenvan1@hust.edu.vn | AA86: 0356095140 | AB86: Nguyễn Tiến Đăng | AC86: Đinh Viết Sang | AD86: Mở(IT1110E (KHDL + ATKGS)-K70-N02) | AE86: Giảng dạy trực tiếp (Offline) | AF86: https://teams.microsoft.com/l/team/19%3AT6hByruZZ_9nkOVQLIBNfL-hroE-s4tOJu-DrRygR8Q1%40thread.tacv2/conversations?groupId=79d1dcfb-8205-4389-8e44-30613fa9b9fa&tenantId=06f1b89f-07e8-464f-b408-ec1b45703f31 | AG86: 0mm3wyg | AH86: Thi trên máy tính | AJ86: X | AK86: -
A87: Trường Công nghệ Thông tin và Truyền thông | B87: 20251 | C87: 756895 | D87: =VALUE(C87) -> 756895 | E87: IT2000 | F87: Nhập môn CNTT và TT | G87: Nguyễn An Hưng | I87: IT2000-(KHMT+KTMT)-K70-N12, IT2000-(KHMT+KTMT)-K70-N12 | J87: CN | K87: AB | L87: 34 | M87: 37 | N87: TN | O87: - | P87: - | Q87: =LEFT(T87,9) -> Chiều T4 | R87: Chiều | S87: T4 | T87: Chiều T4: Tiết 1230-1730 , Địa điểm: B1-206, Tuần: 4,5,6,7,10 | U87: 1,421230,421730,4,5,6,7,10,B1-206; | V87: B1-206 | X87: Trung tâm Máy tính và Thực hành | Y87: Nguyễn An Hưng | Z87: hung.nguyenan@hust.edu.vn | AA87: 0972794554 | AB87: Nguyễn Xuân Ba | AC87: Lê Thanh Hương | AD87: Mở(IT2000-(KHMT+KTMT)-K70-N12) | AE87: Giảng dạy trực tiếp (Offline) | AH87: Thi trên máy tính | AJ87: X | AK87: -
A88: Trường Công nghệ Thông tin và Truyền thông | B88: 20251 | C88: 756898 | D88: =VALUE(C88) -> 756898 | E88: IT2000 | F88: Nhập môn CNTT và TT | G88: Trần Thị Dung | H88: 3(2-0-2-6) | I88: IT2000-(Việt Nhật + Việt Pháp)-K70-N01, IT2000-(Việt Nhật + Việt Pháp)-K70-N01 | J88: Viet-Phap | K88: AB | L88: 32 | M88: 37 | N88: TN | O88: - | P88: - | Q88: =LEFT(T88,9) -> Sáng T3: | R88: Sáng | S88: T3 | T88: Sáng T3: Tiết 645-1145 , Địa điểm: B1-108, Tuần: 4,5,6,7,10 | U88: 1,310645,311145,4,5,6,7,10,B1-108; | V88: B1-108 | X88: Trung tâm Máy tính và Thực hành | Y88: Trần Thị Dung | Z88: dung.tranthi@hust.edu.vn | AA88: 0989161528 | AB88: Hoàng Thị Hà Huyền | AC88: Lê Thanh Hương | AD88: Mở(IT2000-(Việt Nhật + Việt Pháp)-K70-N01) | AE88: Giảng dạy trực tiếp (Offline) | AG88: y66pr8x | AH88: Thi trên máy tính | AJ88: X | AK88: -
A89: Trường Công nghệ Thông tin và Truyền thông | B89: 20251 | C89: 756892 | D89: =VALUE(C89) -> 756892 | E89: IT2000 | F89: Nhập môn CNTT và TT | G89: Phạm Thanh Liêm | H89: 3(2-0-2-6) | I89: IT2000-(KHMT+KTMT)-K70-N09, IT2000-(KHMT+KTMT)-K70-N09 | J89: CN | K89: AB | L89: 33 | M89: 37 | N89: TN | O89: - | P89: - | Q89: =LEFT(T89,9) -> Chiều T3 | R89: Chiều | S89: T3 | T89: Chiều T3: Tiết 1230-1730 , Địa điểm: B1-209, Tuần: 3,4,5,6,10 | U89: 1,321230,321730,4,5,6,7,10,B1-209; | V89: B1-209 | X89: Trung tâm Máy tính và Thực hành | Y89: Phạm Thanh Liêm | Z89: liem.phamthanh@hust.edu.vn | AA89: 0912151204 | AB89: Phạm Vương Minh Quang | AC89: Lê Thanh Hương | AD89: Mở(IT2000-(KHMT+KTMT)-K70-N09) | AE89: Giảng dạy trực tiếp (Offline) | AG89: 8kdw8s7 | AH89: Thi trên máy tính | AJ89: X | AK89: -
A90: Trường Công nghệ Thông tin và Truyền thông | B90: 20251 | C90: 756889 | D90: =VALUE(C90) -> 756889 | E90: IT2000 | F90: Nhập môn CNTT và TT | G90: Lê Thị Hoa | H90: 3(2-0-2-6) | I90: IT2000-(KHMT+KTMT)-K70-N06, IT2000-(KHMT+KTMT)-K70-N06 | J90: CN | K90: AB | L90: 37 | M90: 37 | N90: TN | O90: - | P90: - | Q90: =LEFT(T90,9) -> Chiều T2 | R90: Chiều | S90: T2 | T90: Chiều T2: Tiết 1230-1730 , Địa điểm: B1-107, Tuần: 4,5,6,7,10 | U90: 1,221230,221730,4,5,6,7,10,B1-107; | V90: B1-107 | X90: Trung tâm Máy tính và Thực hành | Y90: Lê Thị Hoa | Z90: hoa.lethi@hust.edu.vn | AA90: 0915229959 | AB90: Hoàng Yến Nhi | AC90: Lê Thanh Hương | AD90: Mở(IT2000-(KHMT+KTMT)-K70-N06) | AE90: Giảng dạy trực tiếp (Offline) | AG90: z121wu3 | AH90: Thi trên máy tính | AJ90: X | AK90: -
A91: Trường Công nghệ Thông tin và Truyền thông | B91: 20251 | C91: 756866 | D91: =VALUE(C91) -> 756866 | E91: IT1108 | F91: Nhập môn lập trình | G91: Nguyễn Minh Huyền | I91: IT1108-(KHMT+KTMT) K70-N04, IT1108-(KHMT+KTMT) K70-N04 | J91: CN | K91: AB | L91: 39 | M91: 40 | N91: TN | O91: - | P91: - | Q91: =LEFT(T91,9) -> Chiều T6 | R91: Chiều | S91: T6 | T91: Chiều T6: Tiết 1230-1730 , Địa điểm: B1-108, Tuần: 7,9,14,16,18 | U91: 1,621230,621730,7,9,14,16,18,B1-108; | V91: B1-108 | X91: Khoa Khoa học Máy tính | Y91: Nguyễn Minh Huyền | Z91: huyen.nguyenminh1@hust.edu.vn | AA91: 0835996812 | AB91: Nguyễn Đình Hoàng | AC91: Ngô Lam Trung | AD91: Mở(IT1108-(KHMT+KTMT) K70-N04) | AE91: Giảng dạy trực tiếp (Offline) | AK91: -
A92: Trường Công nghệ Thông tin và Truyền thông | B92: 20251 | C92: 756874 | D92: =VALUE(C92) -> 756874 | E92: IT1108 | F92: Nhập môn lập trình | G92: Trần Đức Duy | I92: IT1108-(KHMT+KTMT) K70-N12, IT1108-(KHMT+KTMT) K70-N12 | J92: CN | K92: AB | L92: 35 | M92: 39 | N92: TN | O92: - | P92: - | Q92: =LEFT(T92,9) -> Chiều T4 | R92: Chiều | S92: T4 | T92: Chiều T4: Tiết 1230-1730 , Địa điểm: B1-109, Tuần: 7,9,14,16,18 | U92: 1,421230,421730,7,9,14,16,18,B1-109; | V92: B1-109 | X92: Khoa Khoa học Máy tính | Y92: Trần Đức Duy | Z92: duy.tranduc@hust.edu.vn | AA92: 0837198139 | AB92: Vũ Tiến Đạt | AC92: Ngô Lam Trung | AD92: Mở(IT1108-(KHMT+KTMT) K70-N12) | AE92: Giảng dạy trực tiếp (Offline) | AK92: -
A93: Trường Công nghệ Thông tin và Truyền thông | B93: 20251 | C93: 756867 | D93: =VALUE(C93) -> 756867 | E93: IT1108 | F93: Nhập môn lập trình | G93: Hồ Viết Đức Lương | H93: 4(3-0-2-8) | I93: IT1108-(KHMT+KTMT) K70-N05, IT1108-(KHMT+KTMT) K70-N05 | J93: CN | K93: AB | L93: 35 | M93: 40 | N93: TN | O93: - | P93: - | Q93: =LEFT(T93,9) -> Chiều T2 | R93: Chiều | S93: T2 | T93: Chiều T2: Tiết 1230-1730 , Địa điểm: B1-108, Tuần: 8,10,15,17,19 | U93: 1,221230,221730,8,10,15,17,19,B1-108; | V93: B1-108 | X93: Khoa Khoa học Máy tính | Y93: Hồ Viết Đức Lương | Z93: luong.hovietduc@hust.edu.vn | AA93: 0853788995 | AB93: Nguyễn Trung Tường | AC93: Ngô Lam Trung | AD93: Mở(IT1108-(KHMT+KTMT) K70-N05) | AE93: Giảng dạy trực tiếp (Offline) | AG93: d7nh85t | AK93: -
A94: Trường Công nghệ Thông tin và Truyền thông | B94: 20251 | C94: 756871 | D94: =VALUE(C94) -> 756871 | E94: IT1108 | F94: Nhập môn lập trình | G94: Phạm Mạnh Tuấn | I94: IT1108-(KHMT+KTMT) K70-N09, IT1108-(KHMT+KTMT) K70-N09 | J94: CN | K94: AB | L94: 25 | M94: 39 | N94: TN | O94: - | P94: - | Q94: =LEFT(T94,9) -> Sáng T6: | R94: Sáng | S94: T6 | T94: Sáng T6: Tiết 645-1145 , Địa điểm: B1-108, Tuần: 8,10,15,17,19 | U94: 1,210645,211145,7,9,14,16,18,B1-109; | V94: B1-108 | X94: Khoa Kỹ thuật Máy tính | Y94: Phạm Mạnh Tuấn | Z94: tuan.phammanh@hust.edu.vn | AA94: 0982208931 | AB94: Nguyễn Quốc Anh | AC94: Ngô Lam Trung | AD94: Mở(IT1108-(KHMT+KTMT) K70-N09) | AE94: Giảng dạy trực tiếp (Offline) | AK94: -
A95: Trường Công nghệ Thông tin và Truyền thông | B95: 20251 | C95: 756873 | D95: =VALUE(C95) -> 756873 | E95: IT1108 | F95: Nhập môn lập trình | G95: Bùi Trọng Đức | H95: 4(3-0-2-8) | I95: IT1108-(KHMT+KTMT) K70-N11, IT1108-(KHMT+KTMT) K70-N11 | J95: CN | K95: AB | L95: 38 | M95: 39 | N95: TN | O95: - | P95: - | Q95: =LEFT(T95,9) -> Chiều T3 | R95: Chiều | S95: T3 | T95: Chiều T3: Tiết 1230-1730 , Địa điểm: B1-109, Tuần: 7,9,14,16,18 | U95: 1,321230,321730,7,9,14,16,18,B1-109; | V95: B1-109 | X95: Khoa Khoa học Máy tính | Y95: Bùi Trọng Đức | Z95: duc.buitrong@hust.edu.vn | AA95: 0356910806 | AB95: Lê Thành Vinh | AC95: Ngô Lam Trung | AD95: Mở(IT1108-(KHMT+KTMT) K70-N11) | AE95: Giảng dạy trực tiếp (Offline) | AG95: 8wm6b20 | AK95: -
A96: Trường Công nghệ Thông tin và Truyền thông | B96: 20251 | C96: 756872 | D96: =VALUE(C96) -> 756872 | E96: IT1108 | F96: Nhập môn lập trình | G96: Nguyễn Văn Hiên | H96: 4(3-0-2-8) | I96: IT1108-(KHMT+KTMT) K70-N10, IT1108-(KHMT+KTMT) K70-N10 | J96: CN | K96: AB | L96: 36 | M96: 39 | N96: TN | O96: - | P96: - | Q96: =LEFT(T96,9) -> Chiều T2 | R96: Chiều | S96: T2 | T96: Chiều T2: Tiết 1230-1730 , Địa điểm: B1-109, Tuần: 7,9,14,16,18 | U96: 1,221230,221730,7,9,14,16,18,B1-109; | V96: B1-109 | X96: Trung tâm Máy tính và Thực hành | Y96: Nguyễn Văn Hiên | Z96: hien.nguyenvan1@hust.edu.vn | AA96: 0356095140 | AB96: Phạm Thị Hoài Thu | AC96: Ngô Lam Trung | AD96: Mở(IT1108-(KHMT+KTMT) K70-N10) | AE96: Giảng dạy trực tiếp (Offline) | AF96: https://teams.microsoft.com/l/team/19%3A02ObbqEYuaJQJ6XWUe9petG-1ajeqv9FsCCQvvGTIyE1%40thread.tacv2/conversations?groupId=2ab6e141-05a2-4fd4-b7ad-a20dfa478f23&tenantId=06f1b89f-07e8-464f-b408-ec1b45703f31 | AG96: qswf00w | AK96: -
A97: Trường Công nghệ Thông tin và Truyền thông | B97: 20251 | C97: 756865 | D97: =VALUE(C97) -> 756865 | E97: IT1108 | F97: Nhập môn lập trình | G97: Nguyễn Văn Hiên | H97: 4(3-0-2-8) | I97: IT1108-(KHMT+KTMT) K70-N03, IT1108-(KHMT+KTMT) K70-N03 | J97: CN | K97: AB | L97: 38 | M97: 40 | N97: TN | O97: - | P97: - | Q97: =LEFT(T97,9) -> Chiều T3 | R97: Chiều | S97: T3 | T97: Chiều T3: Tiết 1230-1730 , Địa điểm: B1-209, Tuần: 7,9,14,16,18 | U97: 1,521230,521730,7,9,14,16,18,B1-108; | V97: B1-209 | X97: Trung tâm Máy tính và Thực hành | Y97: Nguyễn Văn Hiên | Z97: hien.nguyenvan1@hust.edu.vn | AA97: 0356095140 | AB97: Nguyễn Ngọc Ánh | AC97: Ngô Lam Trung | AD97: Mở(IT1108-(KHMT+KTMT) K70-N03) | AE97: Giảng dạy trực tiếp (Offline) | AF97: https://teams.microsoft.com/l/team/19%3AWGEGSjmqMROkWArJzKE35Qde0Wp__4PSHhLs68Ha3is1%40thread.tacv2/conversations?groupId=0f2fb683-6603-458b-88ed-daec5c295d02&tenantId=06f1b89f-07e8-464f-b408-ec1b45703f31 | AG97: 12j0jy9 | AK97: -
A98: Trường Công nghệ Thông tin và Truyền thông | B98: 20251 | C98: 756876 | D98: =VALUE(C98) -> 756876 | E98: IT1108 | F98: Nhập môn lập trình | G98: Nguyễn Văn Hiên | H98: 4(3-0-2-8) | I98: IT1108-(KHMT+KTMT) K70-N14, IT1108-(KHMT+KTMT) K70-N14 | J98: CN | K98: AB | L98: 33 | M98: 39 | N98: TN | O98: - | P98: - | Q98: =LEFT(T98,9) -> Chiều T2 | R98: Chiều | S98: T2 | T98: Chiều T2: Tiết 1230-1730 , Địa điểm: B1-109, Tuần: 8,10,15,17,19 | U98: 1,221230,221730,8,10,15,17,19,B1-109; | V98: B1-109 | X98: Trung tâm Máy tính và Thực hành | Y98: Nguyễn Văn Hiên | Z98: hien.nguyenvan1@hust.edu.vn | AA98: 0356095140 | AB98: Phạm Thị Hoài Thu | AC98: Ngô Lam Trung | AD98: Mở(IT1108-(KHMT+KTMT) K70-N14) | AE98: Giảng dạy trực tiếp (Offline) | AF98: https://teams.microsoft.com/l/team/19%3ATpO8NyynhlvejUKQ3UNKlaPeMiDE3dlDy91xoPM0uf41%40thread.tacv2/conversations?groupId=8ccc3f29-6d60-4d18-8227-d2820252f8ad&tenantId=06f1b89f-07e8-464f-b408-ec1b45703f31 | AG98: 5chynve | AK98: -
A99: Trường Công nghệ Thông tin và Truyền thông | B99: 20251 | C99: 756862 | D99: =VALUE(C99) -> 756862 | E99: IT1108 | F99: Nhập môn lập trình | G99: Nguyễn Văn Hiên | H99: 4(3-0-2-8) | I99: IT1108-CT Tài năng KHMT-K70, IT1108-CT Tài năng KHMT-K70 | J99: CTTN | K99: AB | L99: 49 | M99: 50 | N99: TN | O99: - | P99: - | Q99: =LEFT(T99,9) -> Sáng T3: | R99: Sáng | T99: Sáng T3: Tiết 645-1145 , Địa điểm: B1-405, Tuần: 7,9,14,16,18 | U99: 1,610645,611145,7,9,14,16,18,B1-405; | V99: B1-405 | X99: Trung tâm Máy tính và Thực hành | Y99: Nguyễn Văn Hiên | Z99: hien.nguyenvan1@hust.edu.vn | AA99: 0356095140 | AB99: Bùi Duy Ninh | AC99: Ngô Lam Trung | AD99: Mở(IT1108-CT Tài năng KHMT-K70) | AE99: Giảng dạy trực tiếp (Offline) | AF99: https://teams.microsoft.com/l/team/19%3AylCfCUp72_6WM6WDdKDA_oaUAA6xzgf8T42NkqBasII1%40thread.tacv2/conversations?groupId=67f4b075-7d8c-47bf-a68d-accd27ac6bf1&tenantId=06f1b89f-07e8-464f-b408-ec1b45703f31 | AG99: k5dcbua | AK99: -
A100: Trường Công nghệ Thông tin và Truyền thông | B100: 20251 | C100: 756863 | D100: =VALUE(C100) -> 756863 | E100: IT1108 | F100: Nhập môn lập trình | G100: Nguyễn An Hưng | I100: IT1108-(KHMT+KTMT) K70-N01, IT1108-(KHMT+KTMT) K70-N01 | J100: CN | K100: AB | L100: 37 | M100: 40 | N100: TN | O100: - | P100: - | Q100: =LEFT(T100,9) -> Chiều T2 | R100: Chiều | S100: T2 | T100: Chiều T2: Tiết 1230-1730 , Địa điểm: B1-108, Tuần: 7,9,14,16,18 | U100: 1,221230,221730,7,9,14,16,18,B1-108; | V100: B1-108 | X100: Trung tâm Máy tính và Thực hành | Y100: Nguyễn An Hưng | Z100: hung.nguyenan@hust.edu.vn | AA100: 0972794554 | AB100: Nguyễn Trung Tường | AC100: Ngô Lam Trung | AD100: Mở(IT1108-(KHMT+KTMT) K70-N01) | AE100: Giảng dạy trực tiếp (Offline) | AK100: -
...

Sheet VN_ICT
A1: Mã lớp QT | B1: primaryclassid | C1: Mã HP | D1: Tên học phần | E1: Ghi chú | F1: studyGroupID | G1: Nhóm | H1: Tuần | I1: Thứ | J1: Ngày | K1: Kíp thi | L1: Phòng | M1: sessionid | N1: SLĐK | O1: Đợt mở | P1: ManagerID | Q1: Mã_QL | R1: TeachUnitID | S1: Name | T1: Mã lớp thi | U1: Phòng học | V1: Khóa | W1: Giảng viên | X1: Hình thức thi | Y1: Xếp phòng | Z1: Điều phối viên
A2: 161250 | B2: 161250 | C2: IT4651 | D2: Thiết kế và triển khai mạng IP | E2: *Việt Nhật K67C | F2: 130 | G2: Nhóm 1 | H2: T21 | I2: Thứ sáu | J2: 46052 | K2: Kíp 4 | L2: Phòng máy TTMT | M2: 670 | N2: 43 | O2: AB | P2: 674 | Q2: Elitech | R2: TCNTT | S2: Trường Công nghệ thông tin và Truyền thông | T2: 190467 | U2: D9-501 | V2: 67 | W2: Phạm Huy Hoàng | X2: Thi trên máy tính | Y2: X | Z2: Phạm Huy Hoàng
A3: 161250 | B3: 161250 | C3: IT4651 | D3: Thiết kế và triển khai mạng IP | E3: *Việt Nhật K67C | F3: 131 | G3: Nhóm 2 | H3: T21 | I3: Thứ sáu | J3: 46052 | K3: Kíp 4 | L3: Phòng máy TTMT | M3: 670 | N3: 42 | O3: AB | P3: 674 | Q3: Elitech | R3: TCNTT | S3: Trường Công nghệ thông tin và Truyền thông | T3: 190468 | U3: D9-501 | V3: 67 | W3: Phạm Huy Hoàng | X3: Thi trên máy tính | Y3: X | Z3: Phạm Huy Hoàng
A4: 161251 | B4: 161251 | C4: IT4785 | D4: Phát triển ứng dụng cho thiết bị di động | E4: *Việt Nhật K67-1C | F4: 131 | G4: Nhóm 2 | H4: T22 | I4: Thứ hai | J4: 46055 | K4: Kíp 3,5 | L4: Phòng máy TTMT | M4: 670 | N4: 51 | O4: AB | P4: 674 | Q4: Elitech | R4: TCNTT | S4: Trường Công nghệ thông tin và Truyền thông | T4: 190489 | U4: D9-501 | V4: 67 | W4: Lê Bá Vui | X4: Thi trên máy tính | Y4: X | Z4: Hoàng Văn Hiệp
A5: 161251 | B5: 161251 | C5: IT4785 | D5: Phát triển ứng dụng cho thiết bị di động | E5: *Việt Nhật K67-1C | F5: 132 | G5: Nhóm 3 | H5: T22 | I5: Thứ hai | J5: 46055 | K5: Kíp 3,5 | L5: Phòng máy TTMT | M5: 670 | N5: 51 | O5: AB | P5: 674 | Q5: Elitech | R5: TCNTT | S5: Trường Công nghệ thông tin và Truyền thông | T5: 190490 | U5: D9-501 | V5: 67 | W5: Lê Bá Vui | X5: Thi trên máy tính | Y5: X | Z5: Hoàng Văn Hiệp
A6: 161251 | B6: 161251 | C6: IT4785 | D6: Phát triển ứng dụng cho thiết bị di động | E6: *Việt Nhật K67-1C | F6: 130 | G6: Nhóm 1 | H6: T22 | I6: Thứ hai | J6: 46055 | K6: Kíp 3,5 | L6: Phòng máy TTMT | M6: 670 | N6: 52 | O6: AB | P6: 674 | Q6: Elitech | R6: TCNTT | S6: Trường Công nghệ thông tin và Truyền thông | T6: 190491 | U6: D9-501 | V6: 67 | W6: Lê Bá Vui | X6: Thi trên máy tính | Y6: X | Z6: Hoàng Văn Hiệp
A7: 161252 | B7: 161252 | C7: IT4785 | D7: Phát triển ứng dụng cho thiết bị di động | E7: *Việt Nhật K67-2C | F7: 130 | G7: Nhóm 1 | H7: T22 | I7: Thứ hai | J7: 46055 | K7: Kíp 3,5 | L7: Phòng máy TTMT | M7: 670 | N7: 47 | O7: AB | P7: 674 | Q7: Elitech | R7: TCNTT | S7: Trường Công nghệ thông tin và Truyền thông | T7: 190493 | U7: D9-501 | V7: 67 | W7: Nguyễn Đình Thuận | X7: Thi trên máy tính | Y7: X | Z7: Hoàng Văn Hiệp
A8: 161252 | B8: 161252 | C8: IT4785 | D8: Phát triển ứng dụng cho thiết bị di động | E8: *Việt Nhật K67-2C | F8: 131 | G8: Nhóm 2 | H8: T22 | I8: Thứ hai | J8: 46055 | K8: Kíp 3,5 | L8: Phòng máy TTMT | M8: 670 | N8: 47 | O8: AB | P8: 674 | Q8: Elitech | R8: TCNTT | S8: Trường Công nghệ thông tin và Truyền thông | T8: 190492 | U8: D9-501 | V8: 67 | W8: Nguyễn Đình Thuận | X8: Thi trên máy tính | Y8: X | Z8: Hoàng Văn Hiệp
A9: 161252 | B9: 161252 | C9: IT4785 | D9: Phát triển ứng dụng cho thiết bị di động | E9: *Việt Nhật K67-2C | F9: 132 | G9: Nhóm 3 | H9: T22 | I9: Thứ hai | J9: 46055 | K9: Kíp 3,5 | L9: Phòng máy TTMT | M9: 670 | N9: 47 | O9: AB | P9: 674 | Q9: Elitech | R9: TCNTT | S9: Trường Công nghệ thông tin và Truyền thông | T9: 190494 | U9: D9-501 | V9: 67 | W9: Nguyễn Đình Thuận | X9: Thi trên máy tính | Y9: X | Z9: Hoàng Văn Hiệp
A10: 161253 | B10: 161253 | C10: IT3190 | D10: Nhập môn Học máy và khai phá dữ liệu | E10: *Việt Nhật K67-1C | F10: 130 | G10: Nhóm 1 | H10: T21 | I10: Thứ hai | J10: 46048 | K10: Kíp 3,4 | L10: Phòng máy TTMT | M10: 670 | N10: 60 | O10: AB | P10: 674 | Q10: Elitech | R10: TCNTT | S10: Trường Công nghệ thông tin và Truyền thông | T10: 190235 | U10: D9-501 | V10: 67 | W10: Nguyễn Thị Kim Anh | X10: Thi trên máy tính | Y10: X | Z10: Thân Quang Khoát
